route_id,region,origin,destination,operator,status,source
HR42,hong_kong_island,,Lower Baguio Villa - Kennedy Town MTR Station (Circular),Residents' Service,approved,https://www.td.gov.hk/en/transport_in_hong_kong/public_transport/non_franchised/list_of_approved_rs_hk/index.html
HR44,hong_kong_island,,South Bay - Repulse Bay,Residents' Service,approved,https://www.td.gov.hk/en/transport_in_hong_kong/public_transport/non_franchised/list_of_approved_rs_hk/index.html
HR45,hong_kong_island,,Hong Kong Parkview - Central (Edinburgh Place),Residents' Service,approved,https://www.td.gov.hk/en/transport_in_hong_kong/public_transport/non_franchised/list_of_approved_rs_hk/index.html
HR46,hong_kong_island,,Hong Kong Parkview - Wan Chai,Residents' Service,approved,https://www.td.gov.hk/en/transport_in_hong_kong/public_transport/non_franchised/list_of_approved_rs_hk/index.html
HR48,hong_kong_island,,Repulse Bay - Central,Residents' Service,approved,https://www.td.gov.hk/en/transport_in_hong_kong/public_transport/non_franchised/list_of_approved_rs_hk/index.html
HR49,hong_kong_island,,Robinson Heights - Central (Circular),Residents' Service,approved,https://www.td.gov.hk/en/transport_in_hong_kong/public_transport/non_franchised/list_of_approved_rs_hk/index.html
HR50,hong_kong_island,,South Bay - Central,Residents' Service,approved,https://www.td.gov.hk/en/transport_in_hong_kong/public_transport/non_franchised/list_of_approved_rs_hk/index.html
HR51,hong_kong_island,,Beverly Hill - Causeway Bay (Circular),Residents' Service,approved,https://www.td.gov.hk/en/transport_in_hong_kong/public_transport/non_franchised/list_of_approved_rs_hk/index.html
HR53,hong_kong_island,,Pacific View - Central (Connaught Place),Residents' Service,approved,https://www.td.gov.hk/en/transport_in_hong_kong/public_transport/non_franchised/list_of_approved_rs_hk/index.html
HR54,hong_kong_island,,Dynasty Court - Central (Edinburgh Place) (Circular),Residents' Service,approved,https://www.td.gov.hk/en/transport_in_hong_kong/public_transport/non_franchised/list_of_approved_rs_hk/index.html
HR55,hong_kong_island,,Dynasty Court - Wan Chai (Circular),Residents' Service,approved,https://www.td.gov.hk/en/transport_in_hong_kong/public_transport/non_franchised/list_of_approved_rs_hk/index.html
HR56,hong_kong_island,,The Grand Panorama - Central (Circular),Residents' Service,approved,https://www.td.gov.hk/en/transport_in_hong_kong/public_transport/non_franchised/list_of_approved_rs_hk/index.html
HR57,hong_kong_island,,Redhill Peninsula - Ocean Park Station,Residents' Service,approved,https://www.td.gov.hk/en/transport_in_hong_kong/public_transport/non_franchised/list_of_approved_rs_hk/index.html
HR58,hong_kong_island,,Redhill Peninsula - Shau Kei Wan Station,Residents' Service,approved,https://www.td.gov.hk/en/transport_in_hong_kong/public_transport/non_franchised/list_of_approved_rs_hk/index.html
HR59,hong_kong_island,,Redhill Peninsula - Central,Residents' Service,approved,https://www.td.gov.hk/en/transport_in_hong_kong/public_transport/non_franchised/list_of_approved_rs_hk/index.html
HR60,hong_kong_island,,Repulse Bay Road - Causeway Bay (Lee Garden Road) (Circular),Residents' Service,approved,https://www.td.gov.hk/en/transport_in_hong_kong/public_transport/non_franchised/list_of_approved_rs_hk/index.html
HR62,hong_kong_island,,Conduit Road (Realty Garden) - Central (Admiralty),Residents' Service,approved,https://www.td.gov.hk/en/transport_in_hong_kong/public_transport/non_franchised/list_of_approved_rs_hk/index.html
HR64,hong_kong_island,,"Imperial Court, Mid-levels - Admiralty (Drake Street) (Circular)",Residents' Service,approved,https://www.td.gov.hk/en/transport_in_hong_kong/public_transport/non_franchised/list_of_approved_rs_hk/index.html
HR65,hong_kong_island,,Seymour Road (Goldwin Heights)- Central (Edinburgh Place) (Circular),Residents' Service,approved,https://www.td.gov.hk/en/transport_in_hong_kong/public_transport/non_franchised/list_of_approved_rs_hk/index.html
HR66,hong_kong_island,,Tregunter Path (Branksome) - Central (Connaught Place) (Circular),Residents' Service,approved,https://www.td.gov.hk/en/transport_in_hong_kong/public_transport/non_franchised/list_of_approved_rs_hk/index.html
HR67,hong_kong_island,,Old Peak Road (Hillsborough Court) - Central (Edinburgh Place) (Circular),Residents' Service,approved,https://www.td.gov.hk/en/transport_in_hong_kong/public_transport/non_franchised/list_of_approved_rs_hk/index.html
HR68,hong_kong_island,,Old Peak Road (Garden Terrace) - Admiralty (Tamar Street) (Circular),Residents' Service,approved,https://www.td.gov.hk/en/transport_in_hong_kong/public_transport/non_franchised/list_of_approved_rs_hk/index.html
HR69,hong_kong_island,,Magazine Gap Road (Harbourview) - Admiralty (Tamar Street) (Circular),Residents' Service,approved,https://www.td.gov.hk/en/transport_in_hong_kong/public_transport/non_franchised/list_of_approved_rs_hk/index.html
HR70,hong_kong_island,,Kennedy Road (Bamboo Grove) - Central (Ice House Street) (Circular),Residents' Service,approved,https://www.td.gov.hk/en/transport_in_hong_kong/public_transport/non_franchised/list_of_approved_rs_hk/index.html
HR71,hong_kong_island,,Old Peak Road (Tregunter) - Central (Edinburgh Place) (Circular),Residents' Service,approved,https://www.td.gov.hk/en/transport_in_hong_kong/public_transport/non_franchised/list_of_approved_rs_hk/index.html
HR72,hong_kong_island,,Old Peak Road (Tregunter) - Admiralty (Tamar Street) (Circular),Residents' Service,approved,https://www.td.gov.hk/en/transport_in_hong_kong/public_transport/non_franchised/list_of_approved_rs_hk/index.html
HR73,hong_kong_island,,Conduit Road (Pearl Garden) - Admiralty (Circular),Residents' Service,approved,https://www.td.gov.hk/en/transport_in_hong_kong/public_transport/non_franchised/list_of_approved_rs_hk/index.html
HR74,hong_kong_island,,150 Kennedy Road - Central (Edinburgh Place),Residents' Service,approved,https://www.td.gov.hk/en/transport_in_hong_kong/public_transport/non_franchised/list_of_approved_rs_hk/index.html
HR75,hong_kong_island,,Pokfield Road (University Heights) - Sheung Wan (Shun Tak Centre) (Circular),Residents' Service,approved,https://www.td.gov.hk/en/transport_in_hong_kong/public_transport/non_franchised/list_of_approved_rs_hk/index.html
HR76,hong_kong_island,,May Road (The Mayfair) - Admiralty (Drake Street) (Circular),Residents' Service,approved,https://www.td.gov.hk/en/transport_in_hong_kong/public_transport/non_franchised/list_of_approved_rs_hk/index.html
HR77,hong_kong_island,,May Road (Clovelly Court) - Central (Edinburgh Place) (Circular),Residents' Service,approved,https://www.td.gov.hk/en/transport_in_hong_kong/public_transport/non_franchised/list_of_approved_rs_hk/index.html
HR78,hong_kong_island,,Regalia Bay - Stanley Plaza,Residents' Service,approved,https://www.td.gov.hk/en/transport_in_hong_kong/public_transport/non_franchised/list_of_approved_rs_hk/index.html
HR79,hong_kong_island,,No. 33 Tai Tam Road (The Manhattan) - Central (Club Street),Residents' Service,approved,https://www.td.gov.hk/en/transport_in_hong_kong/public_transport/non_franchised/list_of_approved_rs_hk/index.html
HR80,hong_kong_island,,Pacific Palisades - North Point (Circular),Residents' Service,approved,https://www.td.gov.hk/en/transport_in_hong_kong/public_transport/non_franchised/list_of_approved_rs_hk/index.html
HR81,hong_kong_island,,Pacific Palisades - Causeway Bay (Circular),Residents' Service,approved,https://www.td.gov.hk/en/transport_in_hong_kong/public_transport/non_franchised/list_of_approved_rs_hk/index.html
HR84,hong_kong_island,,Plantation Road (Cloudlands) - Central (Ice House Street),Residents' Service,approved,https://www.td.gov.hk/en/transport_in_hong_kong/public_transport/non_franchised/list_of_approved_rs_hk/index.html
HR85,hong_kong_island,,"No. 129 Repulse Bay Road (The Lily) - Luk Kwok Hotel, Wan Chai / Ocean Park Station (Circular)",Residents' Service,approved,https://www.td.gov.hk/en/transport_in_hong_kong/public_transport/non_franchised/list_of_approved_rs_hk/index.html
HR87,hong_kong_island,,"Larvotto, Ap Lei Chau Praya Road - Wong Chuk Hang / Connaught Place / Aberdeen (Circular)",Residents' Service,approved,https://www.td.gov.hk/en/transport_in_hong_kong/public_transport/non_franchised/list_of_approved_rs_hk/index.html
HR88,hong_kong_island,,Scenic Villas - Connaught Road Central (Wing On House) (Circular),Residents' Service,approved,https://www.td.gov.hk/en/transport_in_hong_kong/public_transport/non_franchised/list_of_approved_rs_hk/index.html
HR90,hong_kong_island,,Pacific View - Stanley,Residents' Service,approved,https://www.td.gov.hk/en/transport_in_hong_kong/public_transport/non_franchised/list_of_approved_rs_hk/index.html
HR91,hong_kong_island,,No. 101 Repulse Bay Road (Repulse Bay Apartments) - Ocean Park Station (Circular),Residents' Service,approved,https://www.td.gov.hk/en/transport_in_hong_kong/public_transport/non_franchised/list_of_approved_rs_hk/index.html
HR93,hong_kong_island,,8 Deep Water Bay Drive - Ocean Park Station (Circular),Residents' Service,approved,https://www.td.gov.hk/en/transport_in_hong_kong/public_transport/non_franchised/list_of_approved_rs_hk/index.html
HR94,hong_kong_island,,Fleur Pavilia - North Point Station (Circular),Residents' Service,approved,https://www.td.gov.hk/en/transport_in_hong_kong/public_transport/non_franchised/list_of_approved_rs_hk/index.html
HR96,hong_kong_island,,"Robinson Place, Mid-levels - Admiralty (Drake Street) (Circular)",Residents' Service,approved,https://www.td.gov.hk/en/transport_in_hong_kong/public_transport/non_franchised/list_of_approved_rs_hk/index.html
HR97,hong_kong_island,,"Mount Nicholson - Hopewell Centre, Queen's Road East (Circular)",Residents' Service,approved,https://www.td.gov.hk/en/transport_in_hong_kong/public_transport/non_franchised/list_of_approved_rs_hk/index.html
KR11,kowloon,,"Regalia - Pitt Street, Yau Ma Tei",Residents' Service,approved,https://www.td.gov.hk/en/transport_in_hong_kong/public_transport/non_franchised/list_of_approved_rs_kln/index.html
KR12,kowloon,,King's Park Villa - Tung Fong Street,Residents' Service,approved,https://www.td.gov.hk/en/transport_in_hong_kong/public_transport/non_franchised/list_of_approved_rs_kln/index.html
KR13,kowloon,,King's Park Hill - Pitt Street,Residents' Service,approved,https://www.td.gov.hk/en/transport_in_hong_kong/public_transport/non_franchised/list_of_approved_rs_kln/index.html
KR14,kowloon,,The Coronation - Kowloon Station,Residents' Service,approved,https://www.td.gov.hk/en/transport_in_hong_kong/public_transport/non_franchised/list_of_approved_rs_kln/index.html
KR15,kowloon,,Hampton Place - Olympian City II,Residents' Service,approved,https://www.td.gov.hk/en/transport_in_hong_kong/public_transport/non_franchised/list_of_approved_rs_kln/index.html
KR16,kowloon,,The Long Beach - Olympian City I,Residents' Service,approved,https://www.td.gov.hk/en/transport_in_hong_kong/public_transport/non_franchised/list_of_approved_rs_kln/index.html
KR17,kowloon,,One Silver Sea - Olympian City I,Residents' Service,approved,https://www.td.gov.hk/en/transport_in_hong_kong/public_transport/non_franchised/list_of_approved_rs_kln/index.html
KR18,kowloon,,Imperial Cullinan - Olympian City I,Residents' Service,approved,https://www.td.gov.hk/en/transport_in_hong_kong/public_transport/non_franchised/list_of_approved_rs_kln/index.html
KR21,kowloon,,Tsui Chuk Garden - Lok Fu Bus Terminus,Residents' Service,approved,https://www.td.gov.hk/en/transport_in_hong_kong/public_transport/non_franchised/list_of_approved_rs_kln/index.html
KR41,kowloon,,Beacon Heights - Kowloon Tong (Circular),Residents' Service,approved,https://www.td.gov.hk/en/transport_in_hong_kong/public_transport/non_franchised/list_of_approved_rs_kln/index.html
KR42,kowloon,,Beacon Heights - Shek Kip Mei (Circular),Residents' Service,approved,https://www.td.gov.hk/en/transport_in_hong_kong/public_transport/non_franchised/list_of_approved_rs_kln/index.html
KR44,kowloon,,Dynasty Heights - Festival Walk,Residents' Service,approved,https://www.td.gov.hk/en/transport_in_hong_kong/public_transport/non_franchised/list_of_approved_rs_kln/index.html
KR45,kowloon,,Mont Rouge & Mont Verra - Festival Walk,Residents' Service,approved,https://www.td.gov.hk/en/transport_in_hong_kong/public_transport/non_franchised/list_of_approved_rs_kln/index.html
KR51,kowloon,,One Beacon Hill - To Fuk Road (Circular),Residents' Service,approved,https://www.td.gov.hk/en/transport_in_hong_kong/public_transport/non_franchised/list_of_approved_rs_kln/index.html
DB00R,new_territories,,Discovery Bay (within DB),Residents' Service,approved,https://www.td.gov.hk/en/transport_in_hong_kong/public_transport/non_franchised/list_of_approved_rs_nt/index.html
DB01R,new_territories,,Discovery Bay - Tung Chung,Residents' Service,approved,https://www.td.gov.hk/en/transport_in_hong_kong/public_transport/non_franchised/list_of_approved_rs_nt/index.html
DB02R,new_territories,,Discovery Bay - Airport,Residents' Service,approved,https://www.td.gov.hk/en/transport_in_hong_kong/public_transport/non_franchised/list_of_approved_rs_nt/index.html
DB03R,new_territories,,Discovery Bay - Sunny Bay,Residents' Service,approved,https://www.td.gov.hk/en/transport_in_hong_kong/public_transport/non_franchised/list_of_approved_rs_nt/index.html
DB04R,new_territories,,Discovery Bay Marina Club - Discovery Bay DB Plaza Bus Terminus,Residents' Service,approved,https://www.td.gov.hk/en/transport_in_hong_kong/public_transport/non_franchised/list_of_approved_rs_nt/index.html
DB06R,new_territories,,Discovery Bay Recreation Club - Discovery Bay Club Siena,Residents' Service,approved,https://www.td.gov.hk/en/transport_in_hong_kong/public_transport/non_franchised/list_of_approved_rs_nt/index.html
DB08R,new_territories,,Discovery Bay - Central (Central Ferry Pier No.3),Residents' Service,approved,https://www.td.gov.hk/en/transport_in_hong_kong/public_transport/non_franchised/list_of_approved_rs_nt/index.html
NR04,new_territories,,Caribbean Coast - Tung Chung Station,Residents' Service,approved,https://www.td.gov.hk/en/transport_in_hong_kong/public_transport/non_franchised/list_of_approved_rs_nt/index.html
NR05,new_territories,,Century Link – Tung Chung Station Bus Terminus (Circular),Residents' Service,approved,https://www.td.gov.hk/en/transport_in_hong_kong/public_transport/non_franchised/list_of_approved_rs_nt/index.html
NR06,new_territories,,The Visionary – Tung Chung Station Bus Terminus (Circular),Residents' Service,approved,https://www.td.gov.hk/en/transport_in_hong_kong/public_transport/non_franchised/list_of_approved_rs_nt/index.html
NR10,new_territories,,Wah Ming Estate - Central,Residents' Service,approved,https://www.td.gov.hk/en/transport_in_hong_kong/public_transport/non_franchised/list_of_approved_rs_nt/index.html
NR109,new_territories,,"Woodland Crest, Sheung Shui - Sheung Shui Station",Residents' Service,approved,https://www.td.gov.hk/en/transport_in_hong_kong/public_transport/non_franchised/list_of_approved_rs_nt/index.html
NR112,new_territories,,"Dawning View, Fanling - Fung Ying Sin Koon (Circular)",Residents' Service,approved,https://www.td.gov.hk/en/transport_in_hong_kong/public_transport/non_franchised/list_of_approved_rs_nt/index.html
NR115,new_territories,,Kwu Tung Road (Valais) - Yuen Long (On Shun Street),Residents' Service,approved,https://www.td.gov.hk/en/transport_in_hong_kong/public_transport/non_franchised/list_of_approved_rs_nt/index.html
NR116,new_territories,,The Green - Fanling Station,Residents' Service,approved,https://www.td.gov.hk/en/transport_in_hong_kong/public_transport/non_franchised/list_of_approved_rs_nt/index.html
NR117,new_territories,,Eden Manor – Sheung Shui Station,Residents' Service,approved,https://www.td.gov.hk/en/transport_in_hong_kong/public_transport/non_franchised/list_of_approved_rs_nt/index.html
NR118,new_territories,,Pok Oi Sing Ping Village – Sheung Shui MTR Station,Residents' Service,approved,https://www.td.gov.hk/en/transport_in_hong_kong/public_transport/non_franchised/list_of_approved_rs_nt/index.html
NR13,new_territories,,"Cheerful Park, Fanling - Sheung Shui Station",Residents' Service,approved,https://www.td.gov.hk/en/transport_in_hong_kong/public_transport/non_franchised/list_of_approved_rs_nt/index.html
NR14,new_territories,,Green Park Villa (Fanling) - Sheung Shui Station,Residents' Service,approved,https://www.td.gov.hk/en/transport_in_hong_kong/public_transport/non_franchised/list_of_approved_rs_nt/index.html
NR207,new_territories,,"Floral Villa - Chan Man Street, Sai Kung",Residents' Service,approved,https://www.td.gov.hk/en/transport_in_hong_kong/public_transport/non_franchised/list_of_approved_rs_nt/index.html
NR211,new_territories,,"The Portofino, Clearwater Bay - Pui Shing Lane, Tseung Kwan O",Residents' Service,approved,https://www.td.gov.hk/en/transport_in_hong_kong/public_transport/non_franchised/list_of_approved_rs_nt/index.html
NR214,new_territories,,"Hillview Court, Sai Kung - Ping Shek Public Transport Interchange (Circular)",Residents' Service,approved,https://www.td.gov.hk/en/transport_in_hong_kong/public_transport/non_franchised/list_of_approved_rs_nt/index.html
NR29,new_territories,,"Sai Wan Village, Sai Kung - Sai Kung Town Hall",Residents' Service,approved,https://www.td.gov.hk/en/transport_in_hong_kong/public_transport/non_franchised/list_of_approved_rs_nt/index.html
NR319,new_territories,,Hong Kong Garden - Tsuen Wan Station,Residents' Service,approved,https://www.td.gov.hk/en/transport_in_hong_kong/public_transport/non_franchised/list_of_approved_rs_nt/index.html
NR320,new_territories,,Tsuen Wan Golden Villa - Tsuen Wan Market Street,Residents' Service,approved,https://www.td.gov.hk/en/transport_in_hong_kong/public_transport/non_franchised/list_of_approved_rs_nt/index.html
NR322,new_territories,,Belvedere Garden (Phase I) - Kowloon City Ferry Pier,Residents' Service,approved,https://www.td.gov.hk/en/transport_in_hong_kong/public_transport/non_franchised/list_of_approved_rs_nt/index.html
NR323,new_territories,,Belvedere Garden (Phase III) - Tsuen Wan Station,Residents' Service,approved,https://www.td.gov.hk/en/transport_in_hong_kong/public_transport/non_franchised/list_of_approved_rs_nt/index.html
NR324,new_territories,,Hanley Villa - Tsuen Wan Station,Residents' Service,approved,https://www.td.gov.hk/en/transport_in_hong_kong/public_transport/non_franchised/list_of_approved_rs_nt/index.html
NR326,new_territories,,Belvedere Garden (Phase II) - Tsuen Wan Station,Residents' Service,approved,https://www.td.gov.hk/en/transport_in_hong_kong/public_transport/non_franchised/list_of_approved_rs_nt/index.html
NR327,new_territories,,Belvedere Garden (Phase I) - Tsuen Wan Station,Residents' Service,approved,https://www.td.gov.hk/en/transport_in_hong_kong/public_transport/non_franchised/list_of_approved_rs_nt/index.html
NR328,new_territories,,Greenview Court - Tsuen Wan Station,Residents' Service,approved,https://www.td.gov.hk/en/transport_in_hong_kong/public_transport/non_franchised/list_of_approved_rs_nt/index.html
NR329,new_territories,,Lido Garden - Tsuen Wan Station,Residents' Service,approved,https://www.td.gov.hk/en/transport_in_hong_kong/public_transport/non_franchised/list_of_approved_rs_nt/index.html
NR330,new_territories,,Ma Wan (Tung Wan Bus Terminus) - Tsing Yi Station,Residents' Service,approved,https://www.td.gov.hk/en/transport_in_hong_kong/public_transport/non_franchised/list_of_approved_rs_nt/index.html
NR331,new_territories,,Ma Wan (Pak Yan Road) - Tsuen Wan (Sai Lau Kok Road) (Circular),Residents' Service,approved,https://www.td.gov.hk/en/transport_in_hong_kong/public_transport/non_franchised/list_of_approved_rs_nt/index.html
NR332,new_territories,,Ma Wan (Tung Wan Bus Terminus) - Kwai Fong (Metroplaza),Residents' Service,approved,https://www.td.gov.hk/en/transport_in_hong_kong/public_transport/non_franchised/list_of_approved_rs_nt/index.html
NR333,new_territories,,The Cairnhill - Tsuen Wan Station,Residents' Service,approved,https://www.td.gov.hk/en/transport_in_hong_kong/public_transport/non_franchised/list_of_approved_rs_nt/index.html
NR334,new_territories,,Ma Wan (Tung Wan Bus Terminus) - Hong Kong International Airport (Circular),Residents' Service,approved,https://www.td.gov.hk/en/transport_in_hong_kong/public_transport/non_franchised/list_of_approved_rs_nt/index.html
NR335,new_territories,,The Cliveden - Tsuen Wan Station (Circular),Residents' Service,approved,https://www.td.gov.hk/en/transport_in_hong_kong/public_transport/non_franchised/list_of_approved_rs_nt/index.html
NR336,new_territories,,Bellagio - Tsuen Wan Station,Residents' Service,approved,https://www.td.gov.hk/en/transport_in_hong_kong/public_transport/non_franchised/list_of_approved_rs_nt/index.html
NR337,new_territories,,The Serenade Cove - Tsuen Wan Station,Residents' Service,approved,https://www.td.gov.hk/en/transport_in_hong_kong/public_transport/non_franchised/list_of_approved_rs_nt/index.html
NR338,new_territories,,Ma Wan (Tung Wan Bus Terminus) - Central Ferry Piers (Pier 2) (Circular) [Overnight Service],Residents' Service,approved,https://www.td.gov.hk/en/transport_in_hong_kong/public_transport/non_franchised/list_of_approved_rs_nt/index.html
NR338S,new_territories,,Ma Wan (Tung Wan Bus Terminus) - Central Ferry Piers (Pier 2) (Circular),Residents' Service,approved,https://www.td.gov.hk/en/transport_in_hong_kong/public_transport/non_franchised/list_of_approved_rs_nt/index.html
NR339,new_territories,,Ocean Pointe - Tsuen Wan Station,Residents' Service,approved,https://www.td.gov.hk/en/transport_in_hong_kong/public_transport/non_franchised/list_of_approved_rs_nt/index.html
NR340,new_territories,,Rhine Garden - Tsuen Wan Station,Residents' Service,approved,https://www.td.gov.hk/en/transport_in_hong_kong/public_transport/non_franchised/list_of_approved_rs_nt/index.html
NR342,new_territories,,Allway Gardens - Kwun Tong,Residents' Service,approved,https://www.td.gov.hk/en/transport_in_hong_kong/public_transport/non_franchised/list_of_approved_rs_nt/index.html
NR35,new_territories,,Riviera Gardens - Kwun Tong,Residents' Service,approved,https://www.td.gov.hk/en/transport_in_hong_kong/public_transport/non_franchised/list_of_approved_rs_nt/index.html
NR38,new_territories,,Riviera Gardens - Central / Admiralty,Residents' Service,approved,https://www.td.gov.hk/en/transport_in_hong_kong/public_transport/non_franchised/list_of_approved_rs_nt/index.html
NR406,new_territories,,Villa Esplanada (Tsing Yi ) - Tak Hoi Street (Tsuen Wan ) (Circular),Residents' Service,approved,https://www.td.gov.hk/en/transport_in_hong_kong/public_transport/non_franchised/list_of_approved_rs_nt/index.html
NR41,new_territories,,Cheung Hong (Chung Mei Road) - Tsim Sha Tsui,Residents' Service,approved,https://www.td.gov.hk/en/transport_in_hong_kong/public_transport/non_franchised/list_of_approved_rs_nt/index.html
NR411,new_territories,,Greenwood Villas (Lai Chi Kok) - Mei Foo (Circular),Residents' Service,approved,https://www.td.gov.hk/en/transport_in_hong_kong/public_transport/non_franchised/list_of_approved_rs_nt/index.html
NR412,new_territories,,Mount Haven - Tsing Yi Station (Circular),Residents' Service,approved,https://www.td.gov.hk/en/transport_in_hong_kong/public_transport/non_franchised/list_of_approved_rs_nt/index.html
NR413,new_territories,,Horizon Place (Kwai Luen Road) - Kwai Chung Plaza (Hing Ning Road)(Circular),Residents' Service,approved,https://www.td.gov.hk/en/transport_in_hong_kong/public_transport/non_franchised/list_of_approved_rs_nt/index.html
NR414,new_territories,,Greenknoll Court - Kwai Chung Plaza (Hing Ning Road)(Circular),Residents' Service,approved,https://www.td.gov.hk/en/transport_in_hong_kong/public_transport/non_franchised/list_of_approved_rs_nt/index.html
NR50,new_territories,,"Trackside Villas, Tai Po - Tai Po Market Station (Circular)",Residents' Service,approved,https://www.td.gov.hk/en/transport_in_hong_kong/public_transport/non_franchised/list_of_approved_rs_nt/index.html
NR502,new_territories,,"Savanna Garden, Tai Po - Tai Po Market Station (Circular)",Residents' Service,approved,https://www.td.gov.hk/en/transport_in_hong_kong/public_transport/non_franchised/list_of_approved_rs_nt/index.html
NR503,new_territories,,Tai Po Garden - Tai Wo Station (Circular),Residents' Service,approved,https://www.td.gov.hk/en/transport_in_hong_kong/public_transport/non_franchised/list_of_approved_rs_nt/index.html
NR507,new_territories,,"Lung King Villa, Tai Po - Central",Residents' Service,approved,https://www.td.gov.hk/en/transport_in_hong_kong/public_transport/non_franchised/list_of_approved_rs_nt/index.html
NR508,new_territories,,"The Paragon, Tai Po - Tai Po Market Station (Circular)",Residents' Service,approved,https://www.td.gov.hk/en/transport_in_hong_kong/public_transport/non_franchised/list_of_approved_rs_nt/index.html
NR509,new_territories,,"Forest Hill, Tai Po - Tai Po Market Station (Circular)",Residents' Service,approved,https://www.td.gov.hk/en/transport_in_hong_kong/public_transport/non_franchised/list_of_approved_rs_nt/index.html
NR51,new_territories,,"Hong Lok Yuen, Tai Po - Tai Po Market",Residents' Service,approved,https://www.td.gov.hk/en/transport_in_hong_kong/public_transport/non_franchised/list_of_approved_rs_nt/index.html
NR510,new_territories,,"The Paramount, Tai Po - Tai Po Market Station (Circular)",Residents' Service,approved,https://www.td.gov.hk/en/transport_in_hong_kong/public_transport/non_franchised/list_of_approved_rs_nt/index.html
NR511,new_territories,,"Tycoon Place, Tai Po - Tai Po Market Station (Circular)",Residents' Service,approved,https://www.td.gov.hk/en/transport_in_hong_kong/public_transport/non_franchised/list_of_approved_rs_nt/index.html
NR512,new_territories,,"Deerhill Bay, Tai Po - Tai Po Market Station (Circular)",Residents' Service,approved,https://www.td.gov.hk/en/transport_in_hong_kong/public_transport/non_franchised/list_of_approved_rs_nt/index.html
NR513,new_territories,,"Richwood Park, Tai Po - Tai Po Market Station (Circular)",Residents' Service,approved,https://www.td.gov.hk/en/transport_in_hong_kong/public_transport/non_franchised/list_of_approved_rs_nt/index.html
NR516,new_territories,,"Grand Palisades, Tai Po - Tai Po Market Station (Circular)",Residents' Service,approved,https://www.td.gov.hk/en/transport_in_hong_kong/public_transport/non_franchised/list_of_approved_rs_nt/index.html
NR517,new_territories,,"Chateau Royale, Tai Po - Tai Po Market Station (Circular)",Residents' Service,approved,https://www.td.gov.hk/en/transport_in_hong_kong/public_transport/non_franchised/list_of_approved_rs_nt/index.html
NR519,new_territories,,"Casa Marina, Tai Po - Tai Po Market Station (Circular)",Residents' Service,approved,https://www.td.gov.hk/en/transport_in_hong_kong/public_transport/non_franchised/list_of_approved_rs_nt/index.html
NR524,new_territories,,"Symphony Bay, Tai Po - New Town Plaza, Shatin",Residents' Service,approved,https://www.td.gov.hk/en/transport_in_hong_kong/public_transport/non_franchised/list_of_approved_rs_nt/index.html
NR527,new_territories,,"Constellation Cove, Tai Po - Tai Po Market Station (Circular)",Residents' Service,approved,https://www.td.gov.hk/en/transport_in_hong_kong/public_transport/non_franchised/list_of_approved_rs_nt/index.html
NR528,new_territories,,"JC Castle, Tai Po - Tai Po Market Station (Circular)",Residents' Service,approved,https://www.td.gov.hk/en/transport_in_hong_kong/public_transport/non_franchised/list_of_approved_rs_nt/index.html
NR529,new_territories,,The Beverly Hills Tai Po - Tai Po Market Station (Circular),Residents' Service,approved,https://www.td.gov.hk/en/transport_in_hong_kong/public_transport/non_franchised/list_of_approved_rs_nt/index.html
NR53,new_territories,,"Tai Yuen Estate, Tai Po - Cheung Sha Wan",Residents' Service,approved,https://www.td.gov.hk/en/transport_in_hong_kong/public_transport/non_franchised/list_of_approved_rs_nt/index.html
NR530,new_territories,,Providence Bay - Tai Po Market (Circular),Residents' Service,approved,https://www.td.gov.hk/en/transport_in_hong_kong/public_transport/non_franchised/list_of_approved_rs_nt/index.html
NR532,new_territories,,"Tung Tsz Villa, Tai Po - Tai Po Market Station (Circular)",Residents' Service,approved,https://www.td.gov.hk/en/transport_in_hong_kong/public_transport/non_franchised/list_of_approved_rs_nt/index.html
NR533,new_territories,,"Mont Vert, Tai Po - Tai Wo Station (Circular)",Residents' Service,approved,https://www.td.gov.hk/en/transport_in_hong_kong/public_transport/non_franchised/list_of_approved_rs_nt/index.html
NR534,new_territories,,Mayfair by the Sea - Tai Po Market (Circular),Residents' Service,approved,https://www.td.gov.hk/en/transport_in_hong_kong/public_transport/non_franchised/list_of_approved_rs_nt/index.html
NR536,new_territories,,"Parc Versailles II, Tai Po - Tai Wo Station (Circular)",Residents' Service,approved,https://www.td.gov.hk/en/transport_in_hong_kong/public_transport/non_franchised/list_of_approved_rs_nt/index.html
NR537,new_territories,,"Parc Versailles I, Tai Po - Tai Wo Station (Circular)",Residents' Service,approved,https://www.td.gov.hk/en/transport_in_hong_kong/public_transport/non_franchised/list_of_approved_rs_nt/index.html
NR538,new_territories,,"The Regent, Tai Po - Wan Tau Tong, Tai Po",Residents' Service,approved,https://www.td.gov.hk/en/transport_in_hong_kong/public_transport/non_franchised/list_of_approved_rs_nt/index.html
NR539,new_territories,,"Villa Lucca, Tai Po - Tai Wo Station (Circular)",Residents' Service,approved,https://www.td.gov.hk/en/transport_in_hong_kong/public_transport/non_franchised/list_of_approved_rs_nt/index.html
NR54,new_territories,,"Fu Shin Estate, Tai Po - Cheung Sha Wan",Residents' Service,approved,https://www.td.gov.hk/en/transport_in_hong_kong/public_transport/non_franchised/list_of_approved_rs_nt/index.html
NR540,new_territories,,"Good House, Tai Po - Tai Po Market Station",Residents' Service,approved,https://www.td.gov.hk/en/transport_in_hong_kong/public_transport/non_franchised/list_of_approved_rs_nt/index.html
NR59,new_territories,,"Classical Gardens, Tai Po - Tai Po Market Station (Circular)",Residents' Service,approved,https://www.td.gov.hk/en/transport_in_hong_kong/public_transport/non_franchised/list_of_approved_rs_nt/index.html
NR61,new_territories,,City One Shatin - Lam Tin,Residents' Service,approved,https://www.td.gov.hk/en/transport_in_hong_kong/public_transport/non_franchised/list_of_approved_rs_nt/index.html
NR700,new_territories,,Shan King Estate - Hung Hom Station,Residents' Service,approved,https://www.td.gov.hk/en/transport_in_hong_kong/public_transport/non_franchised/list_of_approved_rs_nt/index.html
NR706,new_territories,,On Ting Estate - Wan Chai,Residents' Service,approved,https://www.td.gov.hk/en/transport_in_hong_kong/public_transport/non_franchised/list_of_approved_rs_nt/index.html
NR707,new_territories,,Tai Hing Gardens - Hung Hom Station,Residents' Service,approved,https://www.td.gov.hk/en/transport_in_hong_kong/public_transport/non_franchised/list_of_approved_rs_nt/index.html
NR709,new_territories,,Sam Shing Estate - Wan Chai,Residents' Service,approved,https://www.td.gov.hk/en/transport_in_hong_kong/public_transport/non_franchised/list_of_approved_rs_nt/index.html
NR710,new_territories,,Shan King Estate - Wan Chai,Residents' Service,approved,https://www.td.gov.hk/en/transport_in_hong_kong/public_transport/non_franchised/list_of_approved_rs_nt/index.html
NR711,new_territories,,Siu Lun Court - Wan Chai,Residents' Service,approved,https://www.td.gov.hk/en/transport_in_hong_kong/public_transport/non_franchised/list_of_approved_rs_nt/index.html
NR714,new_territories,,Yuet Wu Villa - Hung Hom Station,Residents' Service,approved,https://www.td.gov.hk/en/transport_in_hong_kong/public_transport/non_franchised/list_of_approved_rs_nt/index.html
NR715,new_territories,,Tsim Sha Tsui East to Siu Shan Court,Residents' Service,approved,https://www.td.gov.hk/en/transport_in_hong_kong/public_transport/non_franchised/list_of_approved_rs_nt/index.html
NR716,new_territories,,Greenland Garden - Wan Chai / Central,Residents' Service,approved,https://www.td.gov.hk/en/transport_in_hong_kong/public_transport/non_franchised/list_of_approved_rs_nt/index.html
NR718,new_territories,,Handsome Court - Wan Chai,Residents' Service,approved,https://www.td.gov.hk/en/transport_in_hong_kong/public_transport/non_franchised/list_of_approved_rs_nt/index.html
NR719,new_territories,,Blossom Garden - Wan Chai,Residents' Service,approved,https://www.td.gov.hk/en/transport_in_hong_kong/public_transport/non_franchised/list_of_approved_rs_nt/index.html
NR720,new_territories,,Siu Lun Court - Hung Hom Ferry Pier,Residents' Service,approved,https://www.td.gov.hk/en/transport_in_hong_kong/public_transport/non_franchised/list_of_approved_rs_nt/index.html
NR721,new_territories,,Marina Garden - Tsim Sha Tsui / Cheung Sha Wan,Residents' Service,approved,https://www.td.gov.hk/en/transport_in_hong_kong/public_transport/non_franchised/list_of_approved_rs_nt/index.html
NR723,new_territories,,Tin King Estate - Admiralty / Central,Residents' Service,approved,https://www.td.gov.hk/en/transport_in_hong_kong/public_transport/non_franchised/list_of_approved_rs_nt/index.html
NR725,new_territories,,Tsui Ning Garden - Kwun Tong Ferry Pier,Residents' Service,approved,https://www.td.gov.hk/en/transport_in_hong_kong/public_transport/non_franchised/list_of_approved_rs_nt/index.html
NR726,new_territories,,Tsui Ning Garden - Causeway Bay,Residents' Service,approved,https://www.td.gov.hk/en/transport_in_hong_kong/public_transport/non_franchised/list_of_approved_rs_nt/index.html
NR727,new_territories,,Yuet Wu Villa - Wan Chai,Residents' Service,approved,https://www.td.gov.hk/en/transport_in_hong_kong/public_transport/non_franchised/list_of_approved_rs_nt/index.html
NR731,new_territories,,Tai Hing Garden - Wan Chai,Residents' Service,approved,https://www.td.gov.hk/en/transport_in_hong_kong/public_transport/non_franchised/list_of_approved_rs_nt/index.html
NR733,new_territories,,Yuet Wu Villa - Kwun Tong,Residents' Service,approved,https://www.td.gov.hk/en/transport_in_hong_kong/public_transport/non_franchised/list_of_approved_rs_nt/index.html
NR740,new_territories,,Sun Tuen Mun Centre - Tsim Sha Tsui East,Residents' Service,approved,https://www.td.gov.hk/en/transport_in_hong_kong/public_transport/non_franchised/list_of_approved_rs_nt/index.html
NR741,new_territories,,Sun Tuen Mun Centre - Wan Chai,Residents' Service,approved,https://www.td.gov.hk/en/transport_in_hong_kong/public_transport/non_franchised/list_of_approved_rs_nt/index.html
NR743,new_territories,,Cheung Sha Wan to Goodrich Garden,Residents' Service,approved,https://www.td.gov.hk/en/transport_in_hong_kong/public_transport/non_franchised/list_of_approved_rs_nt/index.html
NR745,new_territories,,Siu Shan Court - Kwun Tong,Residents' Service,approved,https://www.td.gov.hk/en/transport_in_hong_kong/public_transport/non_franchised/list_of_approved_rs_nt/index.html
NR748,new_territories,,Tai Hing Garden - Kwun Tong,Residents' Service,approved,https://www.td.gov.hk/en/transport_in_hong_kong/public_transport/non_franchised/list_of_approved_rs_nt/index.html
NR754,new_territories,,Lung Mun Oasis to Tsing Yi Station,Residents' Service,approved,https://www.td.gov.hk/en/transport_in_hong_kong/public_transport/non_franchised/list_of_approved_rs_nt/index.html
NR758,new_territories,,"Grand Pacific Views / Grand Pacific Heights, Tuen Mun - Tsuen Wan Station (Circular)",Residents' Service,approved,https://www.td.gov.hk/en/transport_in_hong_kong/public_transport/non_franchised/list_of_approved_rs_nt/index.html
NR759,new_territories,,Villa Pinada - Siu Hong Station / Tuen Mun Town Centre (Circular),Residents' Service,approved,https://www.td.gov.hk/en/transport_in_hong_kong/public_transport/non_franchised/list_of_approved_rs_nt/index.html
NR760,new_territories,,"Pearl Island Garden, Tuen Mun - Gold Coast / Tsing Hoi Circuit (Circular)",Residents' Service,approved,https://www.td.gov.hk/en/transport_in_hong_kong/public_transport/non_franchised/list_of_approved_rs_nt/index.html
NR761,new_territories,,"Aqua Blue, Tuen Mun - Tsuen Wan Station (Circular)",Residents' Service,approved,https://www.td.gov.hk/en/transport_in_hong_kong/public_transport/non_franchised/list_of_approved_rs_nt/index.html
NR762,new_territories,,The Sherwood - Siu Hong Station (Circular),Residents' Service,approved,https://www.td.gov.hk/en/transport_in_hong_kong/public_transport/non_franchised/list_of_approved_rs_nt/index.html
NR762A,new_territories,,The Sherwood - Tuen Mun Town Centre (Circular),Residents' Service,approved,https://www.td.gov.hk/en/transport_in_hong_kong/public_transport/non_franchised/list_of_approved_rs_nt/index.html
NR763,new_territories,,Parkland Villas - Tuen Mun Town Centre (Circular),Residents' Service,approved,https://www.td.gov.hk/en/transport_in_hong_kong/public_transport/non_franchised/list_of_approved_rs_nt/index.html
NR764,new_territories,,Botania Villa - Tuen Mun Station Public Transport Interchange,Residents' Service,approved,https://www.td.gov.hk/en/transport_in_hong_kong/public_transport/non_franchised/list_of_approved_rs_nt/index.html
NR765,new_territories,,Avignon - Tsuen Wan Station (Circular),Residents' Service,approved,https://www.td.gov.hk/en/transport_in_hong_kong/public_transport/non_franchised/list_of_approved_rs_nt/index.html
NR766,new_territories,,Gold Coast - Hong Kong International Airport,Residents' Service,approved,https://www.td.gov.hk/en/transport_in_hong_kong/public_transport/non_franchised/list_of_approved_rs_nt/index.html
NR767,new_territories,,Gold Coast - Tsuen Wan West Station (Circular),Residents' Service,approved,https://www.td.gov.hk/en/transport_in_hong_kong/public_transport/non_franchised/list_of_approved_rs_nt/index.html
NR768,new_territories,,Gold Coast - Olympic Station,Residents' Service,approved,https://www.td.gov.hk/en/transport_in_hong_kong/public_transport/non_franchised/list_of_approved_rs_nt/index.html
NR769,new_territories,,"Grand Pacific Views/Grand Pacific Heights, Tuen Mun - Kowloon Station",Residents' Service,approved,https://www.td.gov.hk/en/transport_in_hong_kong/public_transport/non_franchised/list_of_approved_rs_nt/index.html
NR770,new_territories,,The Bloomsway – Tuen Mun Station Public Transport Interchange (Circular),Residents' Service,approved,https://www.td.gov.hk/en/transport_in_hong_kong/public_transport/non_franchised/list_of_approved_rs_nt/index.html
NR771,new_territories,,NAPA – Tuen Mun Station Public Transport Interchange (Circular),Residents' Service,approved,https://www.td.gov.hk/en/transport_in_hong_kong/public_transport/non_franchised/list_of_approved_rs_nt/index.html
NR79,new_territories,,Chi Lok Fa Yuen - Hung Hom Station,Residents' Service,approved,https://www.td.gov.hk/en/transport_in_hong_kong/public_transport/non_franchised/list_of_approved_rs_nt/index.html
NR809,new_territories,,"Pristine Villa, Shatin - Tai Wai Station",Residents' Service,approved,https://www.td.gov.hk/en/transport_in_hong_kong/public_transport/non_franchised/list_of_approved_rs_nt/index.html
NR810,new_territories,,"Parc Royale, Shatin - Kowloon Tong Station",Residents' Service,approved,https://www.td.gov.hk/en/transport_in_hong_kong/public_transport/non_franchised/list_of_approved_rs_nt/index.html
NR812,new_territories,,"Pictorial Garden Phase 3, Sha Tin - Yuen Wo Road",Residents' Service,approved,https://www.td.gov.hk/en/transport_in_hong_kong/public_transport/non_franchised/list_of_approved_rs_nt/index.html
NR815,new_territories,,"Royal Ascot, Fo Tan - New Town Plaza, Sha Tin",Residents' Service,approved,https://www.td.gov.hk/en/transport_in_hong_kong/public_transport/non_franchised/list_of_approved_rs_nt/index.html
NR817,new_territories,,Lakeview Garden - Tai Wai Station,Residents' Service,approved,https://www.td.gov.hk/en/transport_in_hong_kong/public_transport/non_franchised/list_of_approved_rs_nt/index.html
NR818,new_territories,,"Golden Time Villas, Sha Tin - Tai Wai Station",Residents' Service,approved,https://www.td.gov.hk/en/transport_in_hong_kong/public_transport/non_franchised/list_of_approved_rs_nt/index.html
NR819,new_territories,,"Granville Garden, Sha Tin - Tai Wai Station",Residents' Service,approved,https://www.td.gov.hk/en/transport_in_hong_kong/public_transport/non_franchised/list_of_approved_rs_nt/index.html
NR820,new_territories,,"Sha Tin Heights, Tai Po Road - Tai Wai Station",Residents' Service,approved,https://www.td.gov.hk/en/transport_in_hong_kong/public_transport/non_franchised/list_of_approved_rs_nt/index.html
NR822,new_territories,,"Vista Paradiso, Ma On Shan - University Station (Circular)",Residents' Service,approved,https://www.td.gov.hk/en/transport_in_hong_kong/public_transport/non_franchised/list_of_approved_rs_nt/index.html
NR823,new_territories,,"Vista Paradiso, Ma On Shan - Diamond Hill Station (Circular)",Residents' Service,approved,https://www.td.gov.hk/en/transport_in_hong_kong/public_transport/non_franchised/list_of_approved_rs_nt/index.html
NR824,new_territories,,"Vista Paradiso, Ma On Shan - Bayshore Towers, Ma On Shan (Circular)",Residents' Service,approved,https://www.td.gov.hk/en/transport_in_hong_kong/public_transport/non_franchised/list_of_approved_rs_nt/index.html
NR826,new_territories,,"Villa Athena, Ma On Shan - Pai Tau Street, Sha Tin (Circular)",Residents' Service,approved,https://www.td.gov.hk/en/transport_in_hong_kong/public_transport/non_franchised/list_of_approved_rs_nt/index.html
NR829,new_territories,,"Castello, Sha Tin - New Town Plaza (Phase 1), Sha Tin",Residents' Service,approved,https://www.td.gov.hk/en/transport_in_hong_kong/public_transport/non_franchised/list_of_approved_rs_nt/index.html
NR83,new_territories,,"Kwong Yuen Estate, Sha Tin - Central (Connaught Road Central)",Residents' Service,approved,https://www.td.gov.hk/en/transport_in_hong_kong/public_transport/non_franchised/list_of_approved_rs_nt/index.html
NR831,new_territories,,"Monte Vista, Ma On Shan - University Station",Residents' Service,approved,https://www.td.gov.hk/en/transport_in_hong_kong/public_transport/non_franchised/list_of_approved_rs_nt/index.html
NR832,new_territories,,"Baycrest, Ma On Shan - University Station / On Chun Street (Circular)",Residents' Service,approved,https://www.td.gov.hk/en/transport_in_hong_kong/public_transport/non_franchised/list_of_approved_rs_nt/index.html
NR833,new_territories,,"Julimount Garden, Tai Wai - Tai Wai Station",Residents' Service,approved,https://www.td.gov.hk/en/transport_in_hong_kong/public_transport/non_franchised/list_of_approved_rs_nt/index.html
NR834,new_territories,,University Residence Nos. 10 and 11 of The Chinese University of Hong Kong - University Station,Residents' Service,approved,https://www.td.gov.hk/en/transport_in_hong_kong/public_transport/non_franchised/list_of_approved_rs_nt/index.html
NR835,new_territories,,La Costa - University Station (Circular),Residents' Service,approved,https://www.td.gov.hk/en/transport_in_hong_kong/public_transport/non_franchised/list_of_approved_rs_nt/index.html
NR837,new_territories,,"Peak One, Sha Tin - Sha Tin Central (Circular)",Residents' Service,approved,https://www.td.gov.hk/en/transport_in_hong_kong/public_transport/non_franchised/list_of_approved_rs_nt/index.html
NR838,new_territories,,"Monte Vista, Ma On Shan - Sheung Yuen Street, Diamond Hill",Residents' Service,approved,https://www.td.gov.hk/en/transport_in_hong_kong/public_transport/non_franchised/list_of_approved_rs_nt/index.html
NR839,new_territories,,Dragons Range - Tai Wai Station (Circular),Residents' Service,approved,https://www.td.gov.hk/en/transport_in_hong_kong/public_transport/non_franchised/list_of_approved_rs_nt/index.html
NR84,new_territories,,Ma On Shan Tsuen - Ma On Shan Station,Residents' Service,approved,https://www.td.gov.hk/en/transport_in_hong_kong/public_transport/non_franchised/list_of_approved_rs_nt/index.html
NR840,new_territories,,The Met. Acappella - Tai Wai Station,Residents' Service,approved,https://www.td.gov.hk/en/transport_in_hong_kong/public_transport/non_franchised/list_of_approved_rs_nt/index.html
NR841,new_territories,,St. Michael - City One Station (Circular),Residents' Service,approved,https://www.td.gov.hk/en/transport_in_hong_kong/public_transport/non_franchised/list_of_approved_rs_nt/index.html
NR842,new_territories,,Mount Arcadia - Tai Wai Station,Residents' Service,approved,https://www.td.gov.hk/en/transport_in_hong_kong/public_transport/non_franchised/list_of_approved_rs_nt/index.html
NR843,new_territories,,El Futuro - Fo Tan Station (Circular),Residents' Service,approved,https://www.td.gov.hk/en/transport_in_hong_kong/public_transport/non_franchised/list_of_approved_rs_nt/index.html
NR845,new_territories,,Mount Regalia - Fo Tan Station (Circular),Residents' Service,approved,https://www.td.gov.hk/en/transport_in_hong_kong/public_transport/non_franchised/list_of_approved_rs_nt/index.html
NR88,new_territories,,City One Shatin - Central,Residents' Service,approved,https://www.td.gov.hk/en/transport_in_hong_kong/public_transport/non_franchised/list_of_approved_rs_nt/index.html
NR91,new_territories,,"Fairview Park, Yuen Long - Wan Chai",Residents' Service,approved,https://www.td.gov.hk/en/transport_in_hong_kong/public_transport/non_franchised/list_of_approved_rs_nt/index.html
NR913,new_territories,,"Palm Springs, Yuen Long - Sheung Shui Station",Residents' Service,approved,https://www.td.gov.hk/en/transport_in_hong_kong/public_transport/non_franchised/list_of_approved_rs_nt/index.html
NR914,new_territories,,"Palm Springs, Yuen Long - Yuen Long Station (Circular)",Residents' Service,approved,https://www.td.gov.hk/en/transport_in_hong_kong/public_transport/non_franchised/list_of_approved_rs_nt/index.html
NR915,new_territories,,"Palm Springs, Yuen Long - Wan Chai",Residents' Service,approved,https://www.td.gov.hk/en/transport_in_hong_kong/public_transport/non_franchised/list_of_approved_rs_nt/index.html
NR917,new_territories,,"Fan Kam Road, Yuen Long - Wan Chai",Residents' Service,approved,https://www.td.gov.hk/en/transport_in_hong_kong/public_transport/non_franchised/list_of_approved_rs_nt/index.html
NR918,new_territories,,Lam Kam Road - Wan Chai,Residents' Service,approved,https://www.td.gov.hk/en/transport_in_hong_kong/public_transport/non_franchised/list_of_approved_rs_nt/index.html
NR92,new_territories,,"Fairview Park, Yuen Long - Tsuen Wan",Residents' Service,approved,https://www.td.gov.hk/en/transport_in_hong_kong/public_transport/non_franchised/list_of_approved_rs_nt/index.html
NR922,new_territories,,"Man Fung Building, Yuen Long - Central/ Wan Chai",Residents' Service,approved,https://www.td.gov.hk/en/transport_in_hong_kong/public_transport/non_franchised/list_of_approved_rs_nt/index.html
NR923,new_territories,,"Royal Palms, Yuen Long - Sheung Shui Station",Residents' Service,approved,https://www.td.gov.hk/en/transport_in_hong_kong/public_transport/non_franchised/list_of_approved_rs_nt/index.html
NR924,new_territories,,"Royal Palms, Yuen Long - Yuen Long Station (Circular)",Residents' Service,approved,https://www.td.gov.hk/en/transport_in_hong_kong/public_transport/non_franchised/list_of_approved_rs_nt/index.html
NR928,new_territories,,"Man Fung Building,Yuen Long - Kwun Tong",Residents' Service,approved,https://www.td.gov.hk/en/transport_in_hong_kong/public_transport/non_franchised/list_of_approved_rs_nt/index.html
NR93,new_territories,,"Fairview Park, Yuen Long - On Shun Street, Yuen Long",Residents' Service,approved,https://www.td.gov.hk/en/transport_in_hong_kong/public_transport/non_franchised/list_of_approved_rs_nt/index.html
NR936,new_territories,,"Fairview Park, Yuen Long - Hung Hom Station",Residents' Service,approved,https://www.td.gov.hk/en/transport_in_hong_kong/public_transport/non_franchised/list_of_approved_rs_nt/index.html
NR94,new_territories,,"Fairview Park, Yuen Long - Sheung Shui Station",Residents' Service,approved,https://www.td.gov.hk/en/transport_in_hong_kong/public_transport/non_franchised/list_of_approved_rs_nt/index.html
NR940,new_territories,,"Ha Tsuen, Yuen Long - Sau Fu Street, Yuen Long",Residents' Service,approved,https://www.td.gov.hk/en/transport_in_hong_kong/public_transport/non_franchised/list_of_approved_rs_nt/index.html
NR941,new_territories,,Ha Pak Nai - Yuen Long Tung Tai Street,Residents' Service,approved,https://www.td.gov.hk/en/transport_in_hong_kong/public_transport/non_franchised/list_of_approved_rs_nt/index.html
NR945,new_territories,,"Yick Fat / Tai Hang Buildings, Yuen Long - North Point",Residents' Service,approved,https://www.td.gov.hk/en/transport_in_hong_kong/public_transport/non_franchised/list_of_approved_rs_nt/index.html
NR948,new_territories,,"Fairview Park, Yuen Long - Tsing Yi Station",Residents' Service,approved,https://www.td.gov.hk/en/transport_in_hong_kong/public_transport/non_franchised/list_of_approved_rs_nt/index.html
NR949,new_territories,,"Parkside Villa, Yuen Long - On Shun Street, Yuen Long",Residents' Service,approved,https://www.td.gov.hk/en/transport_in_hong_kong/public_transport/non_franchised/list_of_approved_rs_nt/index.html
NR950,new_territories,,"Park Royale, Yuen Long - On Shun Street, Yuen Long",Residents' Service,approved,https://www.td.gov.hk/en/transport_in_hong_kong/public_transport/non_franchised/list_of_approved_rs_nt/index.html
NR951,new_territories,,"Scenic Garden, Yuen Long - On Shun Street, Yuen Long",Residents' Service,approved,https://www.td.gov.hk/en/transport_in_hong_kong/public_transport/non_franchised/list_of_approved_rs_nt/index.html
NR954,new_territories,,"Kenswood Court, Kingswood Villas - Tin Shui Wai Station",Residents' Service,approved,https://www.td.gov.hk/en/transport_in_hong_kong/public_transport/non_franchised/list_of_approved_rs_nt/index.html
NR955,new_territories,,"Lynwood Court, Kingswood Villas - Tin Shui Wai Station",Residents' Service,approved,https://www.td.gov.hk/en/transport_in_hong_kong/public_transport/non_franchised/list_of_approved_rs_nt/index.html
NR956,new_territories,,"Maywood Court, Kingswood Villas - Tin Shui Wai Station",Residents' Service,approved,https://www.td.gov.hk/en/transport_in_hong_kong/public_transport/non_franchised/list_of_approved_rs_nt/index.html
NR957,new_territories,,"Lam Hau Tsuen, Yuen Long - Sai Ching Street, Yuen Long",Residents' Service,approved,https://www.td.gov.hk/en/transport_in_hong_kong/public_transport/non_franchised/list_of_approved_rs_nt/index.html
NR958,new_territories,,Meadowlands - Yuen Long,Residents' Service,approved,https://www.td.gov.hk/en/transport_in_hong_kong/public_transport/non_franchised/list_of_approved_rs_nt/index.html
NR960,new_territories,,The Scenicwoods - Kam Sheung Road Station,Residents' Service,approved,https://www.td.gov.hk/en/transport_in_hong_kong/public_transport/non_franchised/list_of_approved_rs_nt/index.html
NR960A,new_territories,,The Scenicwoods - Yuen Long Tai Cheung Street (Circular),Residents' Service,approved,https://www.td.gov.hk/en/transport_in_hong_kong/public_transport/non_franchised/list_of_approved_rs_nt/index.html
NR962,new_territories,,Sereno Verde - Yuen Long Town (Circular),Residents' Service,approved,https://www.td.gov.hk/en/transport_in_hong_kong/public_transport/non_franchised/list_of_approved_rs_nt/index.html
NR963,new_territories,,The Vineyard - Sun Yuen Long Centre,Residents' Service,approved,https://www.td.gov.hk/en/transport_in_hong_kong/public_transport/non_franchised/list_of_approved_rs_nt/index.html
NR964,new_territories,,La Grove - Sun Yuen Long Centre (Circular),Residents' Service,approved,https://www.td.gov.hk/en/transport_in_hong_kong/public_transport/non_franchised/list_of_approved_rs_nt/index.html
NR965,new_territories,,Grand Del Sol - Yoho Mall II (Circular) *Printable Version,Residents' Service,approved,https://www.td.gov.hk/en/transport_in_hong_kong/public_transport/non_franchised/list_of_approved_rs_nt/index.html
NR966,new_territories,,Villa Premiere - Yuen Long Plaza (Circular),Residents' Service,approved,https://www.td.gov.hk/en/transport_in_hong_kong/public_transport/non_franchised/list_of_approved_rs_nt/index.html
NR967,new_territories,,Emerald Green - Sai Ching Street (Circular),Residents' Service,approved,https://www.td.gov.hk/en/transport_in_hong_kong/public_transport/non_franchised/list_of_approved_rs_nt/index.html
NR968,new_territories,,Seasons Monarch - Tai Lam Tunnel Bus-bus Interchange (Circular),Residents' Service,approved,https://www.td.gov.hk/en/transport_in_hong_kong/public_transport/non_franchised/list_of_approved_rs_nt/index.html
NR969,new_territories,,The Reach - Sun Yuen Long Centre (Circular),Residents' Service,approved,https://www.td.gov.hk/en/transport_in_hong_kong/public_transport/non_franchised/list_of_approved_rs_nt/index.html
NR971,new_territories,,Park Signature – Ma Wang Road (Circular),Residents' Service,approved,https://www.td.gov.hk/en/transport_in_hong_kong/public_transport/non_franchised/list_of_approved_rs_nt/index.html
NR972,new_territories,,Residence 88 – YOHO MALL II,Residents' Service,approved,https://www.td.gov.hk/en/transport_in_hong_kong/public_transport/non_franchised/list_of_approved_rs_nt/index.html
NR974,new_territories,,"Ting Fook Villas, Yuen Long - Ma Wang Road (Circular)",Residents' Service,approved,https://www.td.gov.hk/en/transport_in_hong_kong/public_transport/non_franchised/list_of_approved_rs_nt/index.html
NR975,new_territories,,The Reach Summit - Yuen Long Station (Circular),Residents' Service,approved,https://www.td.gov.hk/en/transport_in_hong_kong/public_transport/non_franchised/list_of_approved_rs_nt/index.html
NR976,new_territories,,The STEP - Kam Sheung Road Station (Circular),Residents' Service,approved,https://www.td.gov.hk/en/transport_in_hong_kong/public_transport/non_franchised/list_of_approved_rs_nt/index.html
NR977,new_territories,,CONCORDIA Tsat Sing Kong－ Tai Po Market Station,Residents' Service,approved,https://www.td.gov.hk/en/transport_in_hong_kong/public_transport/non_franchised/list_of_approved_rs_nt/index.html
NR978,new_territories,,HAVA - Long Lok Road,Residents' Service,approved,https://www.td.gov.hk/en/transport_in_hong_kong/public_transport/non_franchised/list_of_approved_rs_nt/index.html
