route_id,service_type,origin,destination,operator,status,source
CONTRACT_HIRE-001,contract_hire,Aberdeen Main Road - TWGHs Jockey Club Sunshine Complex for the Elderly,,Non-franchised public bus,approved,https://www.td.gov.hk/en/transport_in_hong_kong/public_transport/non_franchised/contract_hire_service_a08/index.html
CONTRACT_HIRE-002,contract_hire,Automated Car Park 1 - Hong Kong-Zhuhai-Macao-Bridge Hong Kong Port Cross-Boundary Coach Drop-off Area,,Non-franchised public bus,approved,https://www.td.gov.hk/en/transport_in_hong_kong/public_transport/non_franchised/contract_hire_service_a08/index.html
CONTRACT_HIRE-003,contract_hire,Bradbury Tak Tin Workshop - Bradbury Wong Tai Sin Hostel,,Non-franchised public bus,approved,https://www.td.gov.hk/en/transport_in_hong_kong/public_transport/non_franchised/contract_hire_service_a08/index.html
CONTRACT_HIRE-004,contract_hire,Canossa Hospital - Admiralty Station,,Non-franchised public bus,approved,https://www.td.gov.hk/en/transport_in_hong_kong/public_transport/non_franchised/contract_hire_service_a08/index.html
CONTRACT_HIRE-005,contract_hire,City Hall - Matilda And War Memorial Hospital,,Non-franchised public bus,approved,https://www.td.gov.hk/en/transport_in_hong_kong/public_transport/non_franchised/contract_hire_service_a08/index.html
CONTRACT_HIRE-006,contract_hire,Discovery Bay Golf Club - Discovery Bay Bus Terminus,,Non-franchised public bus,approved,https://www.td.gov.hk/en/transport_in_hong_kong/public_transport/non_franchised/contract_hire_service_a08/index.html
CONTRACT_HIRE-007,contract_hire,Gleneagles Hong Kong Hospital - Wong Chuk Hang,,Non-franchised public bus,approved,https://www.td.gov.hk/en/transport_in_hong_kong/public_transport/non_franchised/contract_hire_service_a08/index.html
CONTRACT_HIRE-008,contract_hire,Gleneagles Hospital Hong Kong - Ap Lei Chau,,Non-franchised public bus,approved,https://www.td.gov.hk/en/transport_in_hong_kong/public_transport/non_franchised/contract_hire_service_a08/index.html
CONTRACT_HIRE-009,contract_hire,Good House - Tai Po Market Station,,Non-franchised public bus,approved,https://www.td.gov.hk/en/transport_in_hong_kong/public_transport/non_franchised/contract_hire_service_a08/index.html
CONTRACT_HIRE-010,contract_hire,Good House - Nethersole Hospital,,Non-franchised public bus,approved,https://www.td.gov.hk/en/transport_in_hong_kong/public_transport/non_franchised/contract_hire_service_a08/index.html
CONTRACT_HIRE-011,contract_hire,Hong Kong Gold Coast Phase II – Hong Kong Gold Coast Piazza,,Non-franchised public bus,approved,https://www.td.gov.hk/en/transport_in_hong_kong/public_transport/non_franchised/contract_hire_service_a08/index.html
CONTRACT_HIRE-012,contract_hire,Hong Kong Golf and Tennis Academy - Wu Kai Sha Station/ Sai Kung Town,,Non-franchised public bus,approved,https://www.td.gov.hk/en/transport_in_hong_kong/public_transport/non_franchised/contract_hire_service_a08/index.html
CONTRACT_HIRE-013,contract_hire,Hong Kong Sports Institute - Wai Wah Centre,,Non-franchised public bus,approved,https://www.td.gov.hk/en/transport_in_hong_kong/public_transport/non_franchised/contract_hire_service_a08/index.html
CONTRACT_HIRE-014,contract_hire,Lok Fu Place - Broadcast Drive / Beacon Hill Road,,Non-franchised public bus,approved,https://www.td.gov.hk/en/transport_in_hong_kong/public_transport/non_franchised/contract_hire_service_a08/index.html
CONTRACT_HIRE-015,contract_hire,Lok Sin Village - Nam Wan Road near Wan Tau Tong Estate,,Non-franchised public bus,approved,https://www.td.gov.hk/en/transport_in_hong_kong/public_transport/non_franchised/contract_hire_service_a08/index.html
CONTRACT_HIRE-016,contract_hire,MegaBox - Telford Plaza Phase 2,,Non-franchised public bus,approved,https://www.td.gov.hk/en/transport_in_hong_kong/public_transport/non_franchised/contract_hire_service_a08/index.html
CONTRACT_HIRE-017,contract_hire,Mei Foo Station/ Sheung Shui Station/ Siu Hong Station / North District Hospital - Hospital at Lok Ma Chau Loop,,Non-franchised public bus,approved,https://www.td.gov.hk/en/transport_in_hong_kong/public_transport/non_franchised/contract_hire_service_a08/index.html
CONTRACT_HIRE-018,contract_hire,Ming Wah Dai Ha – Shau Kei Wan MTR Station (Circular),,Non-franchised public bus,approved,https://www.td.gov.hk/en/transport_in_hong_kong/public_transport/non_franchised/contract_hire_service_a08/index.html
CONTRACT_HIRE-019,contract_hire,O．Park1 - Sunny Bay Station,,Non-franchised public bus,approved,https://www.td.gov.hk/en/transport_in_hong_kong/public_transport/non_franchised/contract_hire_service_a08/index.html
CONTRACT_HIRE-020,contract_hire,Olympian City 1 - Discovery Bay Bayside Drive,,Non-franchised public bus,approved,https://www.td.gov.hk/en/transport_in_hong_kong/public_transport/non_franchised/contract_hire_service_a08/index.html
CONTRACT_HIRE-021,contract_hire,Sha Tin Racecourse (Parada) - Jockey Club Headquarters Building,,Non-franchised public bus,approved,https://www.td.gov.hk/en/transport_in_hong_kong/public_transport/non_franchised/contract_hire_service_a08/index.html
CONTRACT_HIRE-022,contract_hire,Sha Tin Racecourse Paddock - Sha Tin Pai Tau Street,,Non-franchised public bus,approved,https://www.td.gov.hk/en/transport_in_hong_kong/public_transport/non_franchised/contract_hire_service_a08/index.html
CONTRACT_HIRE-023,contract_hire,Siu Lam Integrated Rehabilitation Services - Tuen Mun Road Bus-Bus/Siu Hong Station,,Non-franchised public bus,approved,https://www.td.gov.hk/en/transport_in_hong_kong/public_transport/non_franchised/contract_hire_service_a08/index.html
CONTRACT_HIRE-024,contract_hire,Three Pacific Place - Pacific Place Drive,,Non-franchised public bus,approved,https://www.td.gov.hk/en/transport_in_hong_kong/public_transport/non_franchised/contract_hire_service_a08/index.html
CONTRACT_HIRE-025,contract_hire,Tuen Mun V City - Discovery Bay Bayside Drive,,Non-franchised public bus,approved,https://www.td.gov.hk/en/transport_in_hong_kong/public_transport/non_franchised/contract_hire_service_a08/index.html
CONTRACT_HIRE-026,contract_hire,Tiu Keng Leng Station Public Transport Interchange/ Lohas Park Station Public Transport Interchange - The Chinese Medicine Hospital of Hong Kong,,Non-franchised public bus,approved,https://www.td.gov.hk/en/transport_in_hong_kong/public_transport/non_franchised/contract_hire_service_a08/index.html
CONTRACT_HIRE-027,contract_hire,Union Hospital - Tai Wai Station Public Transport Interchange,,Non-franchised public bus,approved,https://www.td.gov.hk/en/transport_in_hong_kong/public_transport/non_franchised/contract_hire_service_a08/index.html
CONTRACT_HIRE-028,contract_hire,We Go Mall - Sunshine City,,Non-franchised public bus,approved,https://www.td.gov.hk/en/transport_in_hong_kong/public_transport/non_franchised/contract_hire_service_a08/index.html
CONTRACT_HIRE-029,contract_hire,Wonderful Worlds of Whampoa - Ho Man Tin (Circular),,Non-franchised public bus,approved,https://www.td.gov.hk/en/transport_in_hong_kong/public_transport/non_franchised/contract_hire_service_a08/index.html
CONTRACT_HIRE-030,contract_hire,Yuen Long Road Safety Centre - Yuen Long Plaza (On Shun Street),,Non-franchised public bus,approved,https://www.td.gov.hk/en/transport_in_hong_kong/public_transport/non_franchised/contract_hire_service_a08/index.html
HOTEL_SERVICE-001,hotel_service,Bishop Lei International House,,Non-franchised public bus,approved,https://www.td.gov.hk/en/transport_in_hong_kong/public_transport/non_franchised/public_bus_hotel_a02/index.html
HOTEL_SERVICE-002,hotel_service,Courtyard By Marriott Hong Kong,,Non-franchised public bus,approved,https://www.td.gov.hk/en/transport_in_hong_kong/public_transport/non_franchised/public_bus_hotel_a02/index.html
HOTEL_SERVICE-003,hotel_service,"Dorsett Wanchai, Hong Kong",,Non-franchised public bus,approved,https://www.td.gov.hk/en/transport_in_hong_kong/public_transport/non_franchised/public_bus_hotel_a02/index.html
HOTEL_SERVICE-004,hotel_service,Lanson Place Causeway Bay Hong Kong,,Non-franchised public bus,approved,https://www.td.gov.hk/en/transport_in_hong_kong/public_transport/non_franchised/public_bus_hotel_a02/index.html
HOTEL_SERVICE-005,hotel_service,Le Meridien Cyberport Hotel,,Non-franchised public bus,approved,https://www.td.gov.hk/en/transport_in_hong_kong/public_transport/non_franchised/public_bus_hotel_a02/index.html
HOTEL_SERVICE-006,hotel_service,Two Macdonnell Road,,Non-franchised public bus,approved,https://www.td.gov.hk/en/transport_in_hong_kong/public_transport/non_franchised/public_bus_hotel_a02/index.html
HOTEL_SERVICE-007,hotel_service,The Charterhouse Causeway Bay,,Non-franchised public bus,approved,https://www.td.gov.hk/en/transport_in_hong_kong/public_transport/non_franchised/public_bus_hotel_a02/index.html
HOTEL_SERVICE-008,hotel_service,The Fullerton Ocean Park Hotel Hong Kong,,Non-franchised public bus,approved,https://www.td.gov.hk/en/transport_in_hong_kong/public_transport/non_franchised/public_bus_hotel_a02/index.html
HOTEL_SERVICE-009,hotel_service,"Dorsett Kai Tak, Hong Kong",,Non-franchised public bus,approved,https://www.td.gov.hk/en/transport_in_hong_kong/public_transport/non_franchised/public_bus_hotel_a02/index.html
HOTEL_SERVICE-010,hotel_service,"Dorsett Mongkok, Hong Kong",,Non-franchised public bus,approved,https://www.td.gov.hk/en/transport_in_hong_kong/public_transport/non_franchised/public_bus_hotel_a02/index.html
HOTEL_SERVICE-011,hotel_service,Harbourfront Horizon All-Suite Hotel,,Non-franchised public bus,approved,https://www.td.gov.hk/en/transport_in_hong_kong/public_transport/non_franchised/public_bus_hotel_a02/index.html
HOTEL_SERVICE-012,hotel_service,Harbourview Horizon All-Suite Hotel,,Non-franchised public bus,approved,https://www.td.gov.hk/en/transport_in_hong_kong/public_transport/non_franchised/public_bus_hotel_a02/index.html
HOTEL_SERVICE-013,hotel_service,Kerry Hotel,,Non-franchised public bus,approved,https://www.td.gov.hk/en/transport_in_hong_kong/public_transport/non_franchised/public_bus_hotel_a02/index.html
HOTEL_SERVICE-014,hotel_service,Metropark Hotel Kowloon,,Non-franchised public bus,approved,https://www.td.gov.hk/en/transport_in_hong_kong/public_transport/non_franchised/public_bus_hotel_a02/index.html
HOTEL_SERVICE-015,hotel_service,Alva Hotel by Royal and Royal Park Hotel,,Non-franchised public bus,approved,https://www.td.gov.hk/en/transport_in_hong_kong/public_transport/non_franchised/public_bus_hotel_a02/index.html
HOTEL_SERVICE-016,hotel_service,"Dorsett Tsuen Wan, Hong Kong",,Non-franchised public bus,approved,https://www.td.gov.hk/en/transport_in_hong_kong/public_transport/non_franchised/public_bus_hotel_a02/index.html
HOTEL_SERVICE-017,hotel_service,Grand Bay View Hotel,,Non-franchised public bus,approved,https://www.td.gov.hk/en/transport_in_hong_kong/public_transport/non_franchised/public_bus_hotel_a02/index.html
HOTEL_SERVICE-018,hotel_service,"Hong Kong Disneyland Hotel, Disney's Hollywood Hotel and Disney Explorers Lodge",,Non-franchised public bus,approved,https://www.td.gov.hk/en/transport_in_hong_kong/public_transport/non_franchised/public_bus_hotel_a02/index.html
HOTEL_SERVICE-019,hotel_service,Hong Kong Gold Coast Hotel,,Non-franchised public bus,approved,https://www.td.gov.hk/en/transport_in_hong_kong/public_transport/non_franchised/public_bus_hotel_a02/index.html
HOTEL_SERVICE-021,hotel_service,Hong Kong SkyCity Marriott Hotel,,Non-franchised public bus,approved,https://www.td.gov.hk/en/transport_in_hong_kong/public_transport/non_franchised/public_bus_hotel_a02/index.html
HOTEL_SERVICE-022,hotel_service,Horizon Suite Hotel,,Non-franchised public bus,approved,https://www.td.gov.hk/en/transport_in_hong_kong/public_transport/non_franchised/public_bus_hotel_a02/index.html
HOTEL_SERVICE-023,hotel_service,Hotel Ease . Tsuen Wan,,Non-franchised public bus,approved,https://www.td.gov.hk/en/transport_in_hong_kong/public_transport/non_franchised/public_bus_hotel_a02/index.html
HOTEL_SERVICE-024,hotel_service,Novotel Citygate Hong Kong,,Non-franchised public bus,approved,https://www.td.gov.hk/en/transport_in_hong_kong/public_transport/non_franchised/public_bus_hotel_a02/index.html
HOTEL_SERVICE-025,hotel_service,Panda Hotel,,Non-franchised public bus,approved,https://www.td.gov.hk/en/transport_in_hong_kong/public_transport/non_franchised/public_bus_hotel_a02/index.html
HOTEL_SERVICE-026,hotel_service,Rambler Oasis Hotel,,Non-franchised public bus,approved,https://www.td.gov.hk/en/transport_in_hong_kong/public_transport/non_franchised/public_bus_hotel_a02/index.html
HOTEL_SERVICE-027,hotel_service,Royal View Hotel,,Non-franchised public bus,approved,https://www.td.gov.hk/en/transport_in_hong_kong/public_transport/non_franchised/public_bus_hotel_a02/index.html
HOTEL_SERVICE-028,hotel_service,Sheraton Hong Kong Tung Chung Hotel,,Non-franchised public bus,approved,https://www.td.gov.hk/en/transport_in_hong_kong/public_transport/non_franchised/public_bus_hotel_a02/index.html
HOTEL_SERVICE-029,hotel_service,Silka Tsuen Wan Hong Kong,,Non-franchised public bus,approved,https://www.td.gov.hk/en/transport_in_hong_kong/public_transport/non_franchised/public_bus_hotel_a02/index.html
HOTEL_SERVICE-030,hotel_service,Brim Youth,,Non-franchised public bus,approved,https://www.td.gov.hk/en/transport_in_hong_kong/public_transport/non_franchised/public_bus_hotel_a02/index.html
HOTEL_SERVICE-031,hotel_service,The Apex Horizon,,Non-franchised public bus,approved,https://www.td.gov.hk/en/transport_in_hong_kong/public_transport/non_franchised/public_bus_hotel_a02/index.html
