"id","name","latitude","longitude"
"290330442","灣仔 (會展新翼) Wan Chai (HKCEC Extension)","22.2839572","114.1742375"
"1025308504",,"22.2840228","114.1742007"
"2087111507","馬師道 Marsh Road","22.2803586","114.1795939"
"2663226078","灣仔碼頭 Wan Chai Ferry Pier","22.2821029","114.1760259"
"2663230872","灣仔碼頭 Wan Chai Ferry Pier","22.2820936","114.175899"
"3049050070","灣景中心大廈 Causeway Centre","22.2807353","114.1760395"
"3049050071","香港會議展覽中心 Hong Kong Convention & Exhibition Centre","22.280542","114.17342"
"3049050080","香港會議展覽中心 HK Convention & Exhibition Centre","22.280687","114.17347"
"3049050081","香港會議展覽中心 HK Convention & Exhibition Centre","22.2812077","114.1741781"
"3049050088","香港會議展覽中心 Hong Kong Convention & Exhibition Centre","22.280686","114.173459"
"3049050089","香港會議展覽中心 Hong Kong Convention and Exhibition Centre","22.2812299","114.1741752"
"3049050102","瑞安中心 Shui On Centre","22.280421","114.171313"
"3049050117","灣仔訓練池 Wan Chai Training Pool","22.2809296","114.1765294"
"3049050118","灣仔訓練池 Wan Chai Training Pool","22.280951","114.176826"
"3049050712","灣仔 Wan Chai","22.2833406","114.176092"
"4515155551","會展 Exhibition Centre","22.281665","114.1757084"
"4515155552","會展 Exhibition Centre","22.2816654","114.1757015"
"4539759200",,"22.283996","114.1741332"
"4539759201","香港會議展覽中心 HK Convention & Exhibition Centre","22.2812348","114.1742497"
"4539759202","灣仔會展巴士總站 Wan Chai (HKCEC) Bus Terminus","22.2840008","114.1741806"
"4605721727","會議道 Convention Avenue","22.2826948","114.1743174"
"4605729163","會議道 Convention Avenue","22.2828636","114.1743079"
"5554398420",,"22.2806294","114.1751241"
"5997041885",,"22.2809155","114.1761942"
"6720517871","灣仔訓練池 Wan Chai Training Pool","22.2809309","114.1765525"
"6980052447","尖沙咀 Tsim Sha Tsui","22.2932198","114.168548"
"7659957217","中環 Central","22.2868539","114.1619959"
"7659957227","紅磡 Hung Hom","22.3002768","114.1892421"
"8916269793","灣仔 Wan Chai","22.2846866","114.1738947"
"9659973741",,"22.2817322","114.1752774"
"9659973783",,"22.2817099","114.175762"
"9710634063",,"22.2812482","114.1748537"
"9728758441","會展站 Exhibition Centre Station","22.2817519","114.175135"
"9728758442","會展站 Exhibition Centre Station","22.2817465","114.1751956"
"9728758443","會展站 Exhibition Centre Station","22.281737","114.1752554"
"9728758444","會展站 Exhibition Centre Station","22.2817332","114.175315"
"9728758445","會展站 Exhibition Centre Station","22.2817266","114.1754109"
"9728758446","會展站 Exhibition Centre Station","22.2817229","114.1754678"
"9728758447","會展站 Exhibition Centre Station","22.2817239","114.1755286"
"9728758461","會展站 Exhibition Centre Station","22.2817162","114.17574"
"9728758462","會展站 Exhibition Centre Station","22.2817088","114.1757978"
"9728758463","會展站 Exhibition Centre Station","22.2816975","114.1758584"
"9728758464","會展站 Exhibition Centre Station","22.281718","114.1755867"
"9728758465","會展站 Exhibition Centre Station","22.2817168","114.1756438"
"9728758469","會展站 Exhibition Centre Station","22.2818369","114.1748771"
"9728758493",,"22.2817504","114.1751595"
"9728758494",,"22.2817414","114.1752181"
"9728758495",,"22.2817247","114.1753552"
"9728758496",,"22.2817228","114.1754335"
"9728758497",,"22.281723","114.175491"
"9728758498",,"22.2817217","114.1755504"
"9728758499",,"22.2817178","114.1756084"
"9728758501",,"22.2817141","114.1756857"
"9728758502",,"22.2816947","114.1758222"
"9728758503",,"22.2816881","114.1758976"
"9739308596","金鐘 Admiralty","22.2785137","114.1658331"
"9739388503",,"22.2812918","114.1748524"
"9743189516","灣景中心大廈 Causeway Centre","22.2807442","114.1761531"
"9806787449","尖東 Tsim Sha Tsui East","22.2951873","114.1764332"
"9806787474","中環 Central","22.2861299","114.1625504"
"11059663918","灣仔碼頭 Wan Chai Ferry Pier","22.2820882","114.1757996"
"11381853567","北角 North Point","22.2945396","114.2006736"
"11422406257","灣仔海濱長廊 Wan Chai Promenade","22.2829441","114.1794755"
"11869115853",,"22.2807382","114.175127"
"12609323720","灣仔碼頭 Wan Chai Ferry Pier","22.2820994","114.1761102"
"12856789936","伊利莎伯大廈 Elizabeth House","22.2810278","114.1812701"
