"id","building","name","levels","height","nodes","coordinates"
"26490011","commercial","新翼 New Wing","5",,"290330131 1599951204 290330134 1599951256 6875521361 308229442 9339975871 290330135 1599951154 1599951177 1599951249 9681836915 1599951132 9681896720 1599951247 1599951156 290330137 1599951184 1599951111 1599951239 1599951112 1599951188 1599951180 1599951113 6853998894 1599951133 1599951137 1599951163 1599951213 290330225 1599951186 1599951130 1599951236 1599951187 1599951166 1599951160 1599951211 6853998895 1599951185 1599951182 1599951139 1599951232 1599951127 290330140 1599951234 290330226 1599951212 1599951209 1599951135 290330267 1599951198 1599951254 290330144 290330270 1599951158 1599951121 1599951229 1599951124 290330229 6853998890 1952740879 1599951214 1599951252 290330131","114.1723069,22.2827012 114.1722941,22.2827171 114.172204,22.2828612 114.1721554,22.2829372 114.1721596,22.2830438 114.1721656,22.2831959 114.1721806,22.2833498 114.1721863,22.2834084 114.1722117,22.2835681 114.1722583,22.2837299 114.1723159,22.2838891 114.1723338,22.2839324 114.1723707,22.2840213 114.1723963,22.2840765 114.1724282,22.2841455 114.1725167,22.2842402 114.1725652,22.2842574 114.1725816,22.2843439 114.1725939,22.2843932 114.1726064,22.2844436 114.1726177,22.2844714 114.172627,22.2844946 114.1726546,22.2845389 114.1726875,22.2845803 114.1726919,22.2845856 114.1727237,22.284624 114.1727576,22.2846492 114.1727968,22.2846733 114.172846,22.284696 114.1728954,22.2847033 114.1729502,22.2847029 114.173,22.2846881 114.1730358,22.2846683 114.1730722,22.2846443 114.1731123,22.2846167 114.1731176,22.2846109 114.1731494,22.284576 114.1731532,22.2845716 114.1731905,22.2845282 114.1732151,22.2845 114.1732463,22.2844632 114.1732768,22.2844184 114.1733001,22.2843722 114.1733349,22.2842603 114.1733972,22.2842466 114.1734635,22.284177 114.1735578,22.2840593 114.1736334,22.2839417 114.1737279,22.2837976 114.1737909,22.2836312 114.1738361,22.2834723 114.1738562,22.2833054 114.1738513,22.2831364 114.1738306,22.2830029 114.1737843,22.2828162 114.1737619,22.2827465 114.1736053,22.2824674 114.1735279,22.2823761 114.1734171,22.2823022 114.1728506,22.2822596 114.1727114,22.2822491 114.1726521,22.2823075 114.1725562,22.2824186 114.1723069,22.2827012"
"26490161","commercial","舊翼 Old Wing","10",,"1235363444 12254183043 12254183026 1235363314 7044272477 12254183046 1235363480 7044325104 9050732251 7044272476 7044325108 7044325107 1235363347 9221275747 1235363510 290331038 490737301 1235363290 6853998903 1235363389 290331039 1235363498 927570124 12254183039 1235363384 927570119 12254183042 1235363553 12254183036 7044272482 1235363444","114.1718951,22.2812319 114.1719101,22.2810594 114.1719131,22.2810253 114.1719311,22.2808187 114.1719624,22.280794 114.1719741,22.2807847 114.1721711,22.2806296 114.1726112,22.2806624 114.1727247,22.2806704 114.1729263,22.2806846 114.173063,22.2806943 114.1732512,22.2807082 114.1735866,22.2807313 114.1737293,22.2807411 114.17382,22.2807473 114.1739665,22.280908 114.173961,22.2809754 114.173941,22.2812178 114.1739364,22.2812746 114.1739289,22.281366 114.1739096,22.281602 114.1736519,22.281584 114.1736255,22.2815822 114.1735164,22.2815745 114.1732883,22.2815586 114.1724992,22.2814956 114.1721304,22.2814681 114.1721111,22.2814667 114.1719053,22.2814514 114.1718763,22.2814492 114.1718951,22.2812319"
"27087018","office","中環廣場 Central Plaza","78","309","9633998158 4404407594 297187974 9633998159 1235363422 1235363503 1121975111 6986305297 1121975086 9633998155 297187972 9633998156 9633998157 1235363443 9633998163 1235363532 9633998158","114.1738903,22.2798221 114.1738942,22.2797773 114.1734258,22.2797439 114.1734221,22.2797886 114.1734042,22.2798124 114.1733862,22.2798361 114.1733425,22.2798555 114.1733595,22.2798886 114.1735445,22.280246 114.1735883,22.2802266 114.1736207,22.280229 114.173653,22.2802313 114.173693,22.2802567 114.1739574,22.2798995 114.1739174,22.2798741 114.1739038,22.2798481 114.1738903,22.2798221"
"27087041","civic","灣仔政府大樓 Wanchai Tower","33","137","297188521 1235363343 1235363448 297188385 1235363283 5382735656 1235363358 297188443 1235363466 1235363374 297188387 1235363547 5382735657 1235363509 297188521","114.1721458,22.2802485 114.1720958,22.280245 114.1721086,22.280089 114.1721586,22.2800925 114.172165,22.2800145 114.172418,22.2800322 114.172665,22.2800495 114.1726586,22.2801275 114.1727086,22.280131 114.1726958,22.280287 114.1726458,22.2802835 114.1726405,22.2803485 114.1723902,22.280331 114.1721405,22.2803135 114.1721458,22.2802485"
"27087076","yes","灣仔游泳池 Wan Chai Swimming Pool",,"33.3","297188705 11869167673 297188706 297188707 4945066546 297188708 297188705","114.1759215,22.28127 114.1759488,22.2809444 114.17595,22.28093 114.176552,22.2809733 114.1765491,22.281008 114.1765235,22.2813133 114.1759215,22.28127"
"40491153","retail",,"7",,"1029866839 11869167669 490736534 1029866978 490736536 490736076 11869167674 11869167675 490736079 11869115868 9681896802 11869167671 1029866839","114.174579,22.281219 114.1745816,22.2811869 114.1745941,22.2810311 114.174615,22.280792 114.1747367,22.2808002 114.175882,22.280883 114.1758779,22.2809398 114.1758487,22.2812781 114.175846,22.28131 114.175419,22.2812793 114.1746762,22.281226 114.1745998,22.2812205 114.174579,22.281219"
"49516036","yes",,"2",,"629118683 629118684 629118685 629118686 629118683","114.1798439,22.2801996 114.1796021,22.2801083 114.1796548,22.2799888 114.1798966,22.2800801 114.1798439,22.2801996"
"79444510","bridge","中庭 Atrium","8",,"1952740881 1599951121 1599951229 1599951124 290330229 6853998890 1952740879 1599951214 1599951252 290330131 9681896778 7045777026 5391761319 290330271 927570119 1235363384 12254183039 927570124 11355665917 10618842100 927570130 4475207941 4475207947 1952740878 1952740881","114.173818,22.282745 114.1737619,22.2827465 114.1736053,22.2824674 114.1735279,22.2823761 114.1734171,22.2823022 114.1728506,22.2822596 114.1727114,22.2822491 114.1726521,22.2823075 114.1725562,22.2824186 114.1723069,22.2827012 114.1723131,22.2826526 114.1723151,22.2826374 114.1723496,22.2823682 114.1724037,22.2820596 114.1724992,22.2814956 114.1732883,22.2815586 114.1735164,22.2815745 114.1736255,22.2815822 114.1736195,22.2816548 114.1736088,22.2817848 114.1735854,22.28207 114.1736239,22.2821573 114.1736802,22.2822849 114.173731,22.2824 114.173818,22.282745"
"107497684","apartments","B 座 Block B","44","128","1235363360 1235363377 1235363467 1235363487 1235363301 1235363346 1235363428 1235363452 1235363538 1235363289 6979825192 6979825195 6979825194 6979825193 1235363366 1235363388 1235363476 1235363471 1235363285 1235363305 1235363382 1235363404 1235363491 1235363515 1235363325 1235363371 1235363457 1235363482 6979825197 6979825198 6979825199 6979825196 1235363292 1235363316 1235363392 1235363417 1235363360","114.1760926,22.2804063 114.1761395,22.2804098 114.1761428,22.2803708 114.1761642,22.2803724 114.1761609,22.2804106 114.1762101,22.2804143 114.1762141,22.2803682 114.1762455,22.2803705 114.1762492,22.2803278 114.1762143,22.2803252 114.1762152,22.2803154 114.176199,22.2803142 114.1762006,22.2802962 114.1762165,22.2802974 114.1762173,22.280288 114.1762524,22.2802906 114.1762562,22.2802462 114.1762241,22.2802438 114.1762279,22.2801993 114.1761803,22.2801958 114.1761771,22.2802332 114.1761553,22.2802316 114.1761585,22.2801939 114.1761105,22.2801904 114.1761066,22.2802356 114.1760738,22.2802332 114.17607,22.2802771 114.1761109,22.2802801 114.17611,22.28029 114.1761257,22.2802911 114.1761242,22.2803085 114.176109,22.2803074 114.1761082,22.2803172 114.1760668,22.2803141 114.1760631,22.2803574 114.1760966,22.2803599 114.1760926,22.2804063"
"107497685","hotel","香港瑞吉酒店 The St. Regis Hong Kong","25",,"12270745098 12270745099 12270745100 12270745096 12270766003 12270766004 12270766001 12270766002 12270745097 12270745095 12270745094 12270745093 12270745098","114.1747437,22.279846 114.1747238,22.2800865 114.1747444,22.280088 114.1747393,22.2801492 114.1747272,22.2801483 114.1747014,22.2804603 114.1749095,22.2804751 114.1749354,22.2801631 114.1749233,22.2801622 114.1749284,22.2801011 114.1750288,22.2801082 114.1750487,22.2798677 114.1747437,22.279846"
"107497689","office","會展廣場辦公大樓 Convention Plaza Office Tower","51","181","1235363483 1235363287 1235363517 1235363347 9221275747 1235363510 290331038 490737301 1235363290 6853998899 1235363483","114.1737832,22.2812026 114.173784,22.2811883 114.1735616,22.2809585 114.1735866,22.2807313 114.1737293,22.2807411 114.17382,22.2807473 114.1739665,22.280908 114.173961,22.2809754 114.173941,22.2812178 114.1738621,22.2812102 114.1737832,22.2812026"
"107497691","apartments","C 座 Block C","44","128","1235363441 1235363359 1235363438 1235363402 1235363386 1235363474 1235363328 1235363459 1235363548 1235363408 6979825185 6979825186 6979825187 6979816484 1235363504 1235363284 1235363303 1235363363 1235363494 1235363309 1235363449 1235363549 1235363551 1235363529 1235363352 1235363381 1235363469 1235363349 6979825188 6979825190 6979825191 6979825189 1235363412 1235363295 1235363437 1235363523 1235363441","114.1762621,22.2801763 114.1763128,22.2801804 114.1763163,22.2801425 114.1763327,22.2801438 114.1763292,22.2801819 114.1763779,22.2801858 114.1763821,22.280141 114.1764144,22.2801436 114.1764186,22.2800994 114.1763814,22.2800964 114.1763822,22.2800879 114.1763655,22.2800866 114.1763667,22.2800737 114.1763835,22.280075 114.1763843,22.2800662 114.1764207,22.2800691 114.1764246,22.2800282 114.1763923,22.2800256 114.1763967,22.2799792 114.1763478,22.2799753 114.1763447,22.2800083 114.1763283,22.280007 114.1763314,22.2799745 114.1762793,22.2799703 114.1762751,22.2800156 114.1762433,22.280013 114.1762394,22.2800549 114.176278,22.280058 114.1762772,22.2800669 114.1762953,22.2800683 114.1762941,22.2800813 114.176276,22.2800799 114.1762753,22.2800881 114.1762373,22.280085 114.176233,22.2801304 114.1762662,22.280133 114.1762621,22.2801763"
"107497692","apartments","會景閣 Convention Plaza","47","164","1235363394 1235363354 12254183044 12254183052 1235363505 12254183051 12254183043 12254183026 1235363314 7044272477 12254183046 1235363480 7044325104 1235363394","114.1726946,22.2807531 114.1726873,22.280836999999998 114.1722317,22.2808031 114.1721065,22.2809017 114.1720945,22.2810388 114.1720916,22.2810729 114.1719101,22.2810594 114.1719131,22.2810253 114.1719311,22.2808187 114.1719624,22.280794 114.1719741,22.2807847 114.1721711,22.2806296 114.1726112,22.2806624 114.1726946,22.2807531"
"107497699","hotel","香港君悅酒店 Grand Hyatt Hong Kong","36","129","1235363321 927570119 12254183042 1235363553 1235363444 12254183043 12254183051 12254183049 12254183050 1235363423 1235363321","114.1725065,22.2814116 114.1724992,22.2814956 114.1721304,22.2814681 114.1721111,22.2814667 114.1718951,22.2812319 114.1719101,22.2810594 114.1720916,22.2810729 114.1720826,22.2811759 114.1722008,22.2813044 114.1724231,22.2813209 114.1725065,22.2814116"
"107497701","office","華潤大廈 China Resources Building","49","178","12270766399 12270766377 8308187116 12270766163 12270766161 12270766162 12270766164 12270766165 12270766159 12270766160 12270766166 12270766167 12270766157 12270766158 12270766168 12270766169 12270766155 12270766156 12270766170 12270766171 12270766153 12270766154 12270766172 12270766173 12270766152 8308187117 12270766391 12270766397 12270766392 12270766343 12270766326 12270766325 12270766342 12270766341 12270766324 12270766323 12270766340 12270766339 12270766322 12270766321 12270766338 12270766337 12270766320 12270766319 12270766336 12270766335 12270766318 12270766317 12270766334 12270766333 12270766316 12270766315 12270766332 12270766331 12270766314 12270766313 12270766330 12270766329 12270766312 12270766311 12270766328 12270766327 12270766310 12270766386 12270766396 12270766387 6970776018 12270766209 12270766198 12270766199 12270766210 12270766211 12270766200 12270766201 12270766212 12270766213 12270766202 12270766203 12270766214 12270766215 12270766204 12270766205 12270766216 12270766217 12270766206 12270766207 12270766218 12270766219 12270766208 8308187118 12270766384 12270766398 12270766383 12270766259 12270766276 12270766242 12270766277 12270766261 12270766278 12270766244 12270766279 12270766263 12270766280 12270766246 12270766281 12270766265 12270766282 12270766248 12270766283 12270766267 8308187131 12270766284 12270766250 12270766285 12270766269 12270766286 12270766252 12270766287 12270766271 12270766288 12270766254 12270766289 12270766273 12270766290 12270766256 12270766291 12270766275 12270766292 12270766376 12270766399","114.1751816,22.2801663 114.1751827,22.2801528 114.1751835,22.2801429 114.1751845,22.2801298 114.1751849,22.2801253 114.1751866,22.2801045 114.1751869,22.2801 114.1751886,22.2800792 114.175189,22.2800747 114.1751906,22.2800539 114.175191,22.2800494 114.1751927,22.2800286 114.175193,22.2800241 114.1751947,22.2800033 114.1751951,22.2799988 114.1751968,22.279978 114.1751971,22.2799735 114.1751988,22.2799527 114.1751992,22.2799482 114.1752008,22.2799273 114.1752012,22.2799229 114.1752029,22.279902 114.1752032,22.2798976 114.1752049,22.2798767 114.1752053,22.2798723 114.1752069,22.2798521 114.1752071,22.2798492 114.1752082,22.2798358 114.1752227,22.2798368 114.1752495,22.2798386 114.1752543,22.2798389 114.1752786,22.2798406 114.1752835,22.279841 114.1753078,22.2798426 114.1753126,22.279843 114.175337,22.2798446 114.1753418,22.279845 114.1753661,22.2798467 114.175371,22.279847 114.1753953,22.2798487 114.1754001,22.279849 114.1754244,22.2798507 114.1754293,22.279851 114.1754536,22.2798527 114.1754584,22.279853 114.1754828,22.2798547 114.1754876,22.279855 114.1755119,22.2798567 114.1755168,22.2798571 114.1755411,22.2798587 114.1755459,22.2798591 114.1755702,22.2798607 114.1755751,22.2798611 114.1755994,22.2798628 114.1756042,22.2798631 114.1756286,22.2798648 114.1756334,22.2798651 114.1756577,22.2798668 114.1756626,22.2798671 114.1756869,22.2798688 114.1756917,22.2798691 114.175716,22.2798708 114.1757209,22.2798711 114.1757476,22.279873 114.1757621,22.279874 114.175761,22.2798874 114.1757609,22.2798896 114.1757592,22.2799105 114.1757588,22.279915 114.1757571,22.2799358 114.1757568,22.2799403 114.1757551,22.2799611 114.1757547,22.2799656 114.1757531,22.2799864 114.1757527,22.2799909 114.175751,22.2800117 114.1757507,22.2800162 114.175749,22.280037 114.1757486,22.2800415 114.175747,22.2800623 114.1757466,22.2800668 114.1757449,22.2800876 114.1757446,22.2800921 114.1757429,22.2801129 114.1757425,22.2801174 114.1757408,22.2801382 114.1757405,22.2801427 114.1757388,22.2801635 114.1757384,22.280168 114.1757371,22.280185 114.1757366,22.2801911 114.1757355,22.2802045 114.175721,22.2802035 114.1756942,22.2802017 114.1756894,22.2802013 114.1756651,22.2801996 114.1756602,22.2801993 114.1756359,22.2801976 114.1756311,22.2801973 114.1756068,22.2801956 114.1756019,22.2801953 114.1755776,22.2801936 114.1755728,22.2801933 114.1755484,22.2801916 114.1755436,22.2801913 114.1755193,22.2801896 114.1755144,22.2801893 114.1754901,22.2801876 114.1754853,22.2801872 114.175461,22.2801856 114.1754585,22.2801854 114.1754561,22.2801852 114.1754318,22.2801835 114.175427,22.2801832 114.1754026,22.2801815 114.1753978,22.2801812 114.1753735,22.2801795 114.1753686,22.2801792 114.1753443,22.2801775 114.1753395,22.2801772 114.1753152,22.2801755 114.1753103,22.2801752 114.175286,22.2801735 114.1752812,22.2801732 114.1752568,22.2801715 114.175252,22.2801711 114.1752277,22.2801695 114.1752228,22.2801691 114.1751961,22.2801673 114.1751816,22.2801663"
"107497703","yes","新鴻基中心 Sun Hung Kai Centre","57","215","6968166729 12270766411 12270766410 6968166718 1235363536 12270766409 12270766408 1235363450 6968166722 12270766407 12270766406 1235363397 6968166736 12270766405 12270766404 1235363319 6968166729","114.1767099,22.2804572 114.1767199,22.2804581 114.1771261,22.2804932 114.1771361,22.2804941 114.1771572,22.2804779 114.1771582,22.2804686 114.1771823,22.2802304 114.1771832,22.2802212 114.1771657,22.2802016 114.1771557,22.2802007 114.1767495,22.2801656 114.1767395,22.2801647 114.1767183,22.2801809 114.1767174,22.2801902 114.1766933,22.2804284 114.1766924,22.2804377 114.1767099,22.2804572"
"107497704","commercial","電訊大廈 Telecom House","20",,"12255023693 12255023692 12255023690 13507278495 13507278494 12255023689 12255023687 12255023688 12255023693","114.1709384,22.2800161 114.1712371,22.2799888 114.1713325,22.27998 114.1713182,22.2798465 114.171315,22.2798161 114.1712975,22.2796523 114.1707661,22.2797008 114.1708011,22.2800286 114.1709384,22.2800161"
"107497705","yes","灣景中心大廈 Causeway Centre","2",,"384397324 2772537346 2772537340 2772537344 384399874 384397324","114.1759625,22.2806947 114.1764405,22.280729 114.176508,22.279925 114.1760279,22.2798923 114.1760013,22.2802228 114.1759625,22.2806947"
"107497707","hotel","萬麗海景酒店 Renaissance Hong Kong Harbour View Hotel","42","150","1235363384 1235363464 1235363435 12254183040 1235363545 1235363372 1235363483 6853998899 1235363290 6853998903 1235363389 6853998902 1235363498 927570124 12254183039 1235363384","114.1732883,22.2815586 114.1732936,22.2814901 114.1733911,22.2814106 114.1735091,22.2814185 114.1736271,22.2814264 114.1737724,22.2813044 114.1737832,22.2812026 114.1738621,22.2812102 114.173941,22.2812178 114.1739364,22.2812746 114.1739289,22.281366 114.1737427,22.2815111 114.1736519,22.281584 114.1736255,22.2815822 114.1735164,22.2815745 114.1732883,22.2815586"
"107497709","retail",,"2",,"1235363307 4512174728 4512174729 11083615708 12270745083 12270745082 12270745081 12270745084 4512174730 11001338539 11001338536 1235363307","114.17665,22.279952 114.17734,22.28014 114.177137,22.280787 114.1770528,22.2807806 114.1770117,22.2807775 114.1769487,22.2806952 114.176863,22.2806888 114.1767864,22.2807605 114.176581,22.280745 114.1766014,22.2805111 114.1766415,22.2800498 114.17665,22.279952"
"107497710","apartments","A 座 Block A","44","128","1235363497 1235363310 1235363331 1235363409 1235363433 1235363521 1235363543 1235363351 1235363396 1235363485 6979825201 6979825202 6979825203 6979825200 1235363507 1235363318 1235363341 1235363420 1235363446 1235363530 1235363526 1235363335 1235363356 1235363439 1235363463 1235363550 1235363299 1235363375 6979825204 6979825206 6979825207 6979825205 1235363425 1235363511 1235363535 1235363344 1235363497","114.1762165,22.2806516 114.1762646,22.2806554 114.176268,22.2806188 114.1762902,22.2806205 114.1762868,22.2806565 114.1763326,22.2806601 114.1763365,22.2806174 114.1763694,22.28062 114.1763733,22.2805783 114.1763361,22.2805753 114.1763366,22.2805696 114.1763166,22.280568 114.1763186,22.2805465 114.1763383,22.280548 114.1763389,22.2805415 114.176376,22.2805444 114.17638,22.2805013 114.1763466,22.2804986 114.1763506,22.2804561 114.1763028,22.2804523 114.1762994,22.2804886 114.1762791,22.280487 114.1762825,22.2804507 114.1762332,22.2804467 114.1762292,22.2804897 114.1761995,22.2804873 114.1761954,22.2805315 114.1762335,22.2805346 114.1762329,22.2805407 114.1762528,22.2805423 114.1762509,22.2805627 114.1762317,22.2805612 114.1762311,22.2805672 114.1761939,22.2805642 114.17619,22.2806061 114.1762205,22.2806085 114.1762165,22.2806516"
"117088641","university",,,,"1319003398 1319003396 11077814334 1319003339 1319003329 4547613166 1319003343 1319003331 11077814335 11077814336 11077814337 11077814338 2302634212 11077814339 11077814340 11077814341 11077814342 11077814343 11077814344 11077814345 11077814346 11077814347 1319003481 11077814351 11077814350 11077814349 11077814348 1319003404 1319003434 11077814352 11077814353 1319003362 1319003384 1319003407 1319003487 6853998910 11077814361 11077814364 11077814373 11077814365 11077814363 11077814362 1319003474 1319003334 1319003363 11077814322 11077814323 1319003328 11077814329 1319003451 1319003458 1319003484 1319003470 11077814330 11077814331 11077814332 11077814333 1319003400 1319003345 1319003387 1319003385 1319003332 1319003482 1319003408 11077814372 1319003365 1319003373 1319003398","114.1692668,22.2804736 114.1691895,22.2804393 114.1691398,22.2804247 114.1691049,22.2804038 114.1690904,22.2805936 114.1690676,22.2805812 114.1690716,22.2804919 114.1690206,22.2804472 114.1689757,22.2804419 114.1689412,22.2804231 114.1689293,22.2803703 114.1688952,22.2803638 114.1688799,22.2803473 114.1688765,22.2803253 114.1688466,22.2802944 114.1688331,22.2803199 114.1688289,22.2803476 114.1688054,22.2803763 114.1687722,22.2803832 114.1687543,22.2803991 114.1687507,22.2804244 114.1687314,22.2804469 114.1687122,22.2804571 114.1686944,22.2804398 114.1686713,22.2804275 114.1686344,22.2804252 114.1686022,22.2804329 114.1685835,22.2804236 114.1686679,22.2803218 114.1686605,22.280091 114.1689063,22.2800842 114.1691172,22.2798515 114.1692057,22.2799086 114.169305,22.2799163 114.169305,22.2797845 114.169775,22.2797631 114.17001,22.2797682 114.1699371,22.2798383 114.1699742,22.2798758 114.1700006,22.2799026 114.1700922,22.2798117 114.1701476,22.2798129 114.1702772,22.2797125 114.1702934,22.2798167 114.1703429,22.2798627 114.1703805,22.2800606 114.1703926,22.2800802 114.1704087,22.2802958 114.1703772,22.2804155 114.1703907,22.2804304 114.1704376,22.2804242 114.170443,22.2804974 114.1702753,22.2806575 114.1701627,22.2806699 114.1701399,22.2806922 114.1700017,22.2806984 114.1699763,22.2806773 114.1698515,22.2806835 114.1698515,22.2806624 114.1697791,22.2806041 114.1697113,22.2806743 114.1695718,22.2805614 114.1693867,22.2805651 114.1695585,22.2803826 114.1695198,22.2803482 114.1694834,22.2803156 114.1693305,22.2804633 114.1692668,22.2804736"
"117088646","yes","香港藝術中心 Hong Kong Arts Centre","16",,"12255023693 12255023684 12255023685 12255023647 5382734319 1319003476 1319003355 1235363430 12255023688 12255023693","114.1709384,22.2800161 114.1709448,22.2800761 114.170954,22.2801625 114.1709714,22.2803259 114.1708644,22.2803356 114.1708372,22.2803381 114.1706791,22.2802567 114.1706562,22.2800418 114.1708011,22.2800286 114.1709384,22.2800161"
"148858984","fire_station","港灣消防局 Kong Wan Fire Station",,,"1619220667 9748981198 9756163136 9050236935 1619220669 1619220666 1619220665 1619220667","114.1728331,22.2804597 114.1730062,22.2804718 114.1731316,22.2804806 114.173148,22.2804817 114.1731731,22.2804835 114.1731849,22.2803398 114.1728449,22.280316 114.1728331,22.2804597"
"184696920","grandstand",,,,"1951959550 1951959557 6853998907 1951959555 1951959552 6853998906 1951959550","114.1775801,22.2804673 114.1777629,22.2805288 114.1776075,22.2809239 114.1772771,22.2817642 114.1770944,22.2817027 114.1774246,22.2808628 114.1775801,22.2804673"
"184761789","yes",,,,"1952740881 1952740882 1952740883 1952740884 1952740885 1952740886 1952740887 1952740888 1952740889 1952740892 1952740893 1952740895 9681896718 1952740900 1599951234 290330226 1599951212 1599951209 1599951135 290330267 1599951198 1599951254 290330144 290330270 1599951158 1599951121 1952740881","114.173818,22.282745 114.173918,22.28278 114.1739537,22.282907 114.1739805,22.2830662 114.1739786,22.2832117 114.1739688,22.283349 114.1739515,22.2834995 114.1739122,22.2837255 114.1738997,22.283846 114.1738511,22.2839758 114.1737273,22.2840986 114.1735698,22.2841527 114.1734796,22.2842143 114.1734548,22.2842312 114.1733972,22.2842466 114.1734635,22.284177 114.1735578,22.2840593 114.1736334,22.2839417 114.1737279,22.2837976 114.1737909,22.2836312 114.1738361,22.2834723 114.1738562,22.2833054 114.1738513,22.2831364 114.1738306,22.2830029 114.1737843,22.2828162 114.1737619,22.2827465 114.173818,22.282745"
"200238688","retail",,"3","15","384399879 12270766397 12270766392 12270766343 12270766326 12270766325 12270766342 12270766341 12270766324 12270766323 12270766340 12270766339 12270766322 12270766321 12270766338 12270766337 12270766320 12270766319 12270766336 12270766335 12270766318 12270766317 12270766334 12270766333 12270766316 12270766315 12270766332 12270766331 12270766314 12270766313 12270766330 12270766329 12270766312 12270766311 12270766328 12270766327 12270766310 12270766386 12270766396 2772537344 6970776020 384399874 12270766398 12270766383 12270766259 12270766276 12270766242 12270766277 12270766261 12270766278 12270766244 12270766279 12270766263 12270766280 12270766246 12270766281 12270766265 12270766282 12270766248 12270766283 12270766267 8308187131 12270766284 12270766250 12270766285 12270766269 12270766286 12270766252 12270766287 12270766271 12270766288 12270766254 12270766289 12270766273 12270766290 12270766256 12270766291 12270766275 12270766292 12270766376 12270766399 384399877 12270745089 12270745090 3682244414 12270745092 12270745091 6970776014 384399879","114.1750127,22.2798223 114.1752082,22.2798358 114.1752227,22.2798368 114.1752495,22.2798386 114.1752543,22.2798389 114.1752786,22.2798406 114.1752835,22.279841 114.1753078,22.2798426 114.1753126,22.279843 114.175337,22.2798446 114.1753418,22.279845 114.1753661,22.2798467 114.175371,22.279847 114.1753953,22.2798487 114.1754001,22.279849 114.1754244,22.2798507 114.1754293,22.279851 114.1754536,22.2798527 114.1754584,22.279853 114.1754828,22.2798547 114.1754876,22.279855 114.1755119,22.2798567 114.1755168,22.2798571 114.1755411,22.2798587 114.1755459,22.2798591 114.1755702,22.2798607 114.1755751,22.2798611 114.1755994,22.2798628 114.1756042,22.2798631 114.1756286,22.2798648 114.1756334,22.2798651 114.1756577,22.2798668 114.1756626,22.2798671 114.1756869,22.2798688 114.1756917,22.2798691 114.175716,22.2798708 114.1757209,22.2798711 114.1757476,22.279873 114.1757621,22.279874 114.1760279,22.2798923 114.1760263,22.2799117 114.1760013,22.2802228 114.1757355,22.2802045 114.175721,22.2802035 114.1756942,22.2802017 114.1756894,22.2802013 114.1756651,22.2801996 114.1756602,22.2801993 114.1756359,22.2801976 114.1756311,22.2801973 114.1756068,22.2801956 114.1756019,22.2801953 114.1755776,22.2801936 114.1755728,22.2801933 114.1755484,22.2801916 114.1755436,22.2801913 114.1755193,22.2801896 114.1755144,22.2801893 114.1754901,22.2801876 114.1754853,22.2801872 114.175461,22.2801856 114.1754585,22.2801854 114.1754561,22.2801852 114.1754318,22.2801835 114.175427,22.2801832 114.1754026,22.2801815 114.1753978,22.2801812 114.1753735,22.2801795 114.1753686,22.2801792 114.1753443,22.2801775 114.1753395,22.2801772 114.1753152,22.2801755 114.1753103,22.2801752 114.175286,22.2801735 114.1752812,22.2801732 114.1752568,22.2801715 114.175252,22.2801711 114.1752277,22.2801695 114.1752228,22.2801691 114.1751961,22.2801673 114.1751816,22.2801663 114.1749861,22.2801528 114.1749702,22.2803493 114.1749488,22.2806157 114.1747496,22.280602 114.1746475,22.2805949 114.1747114,22.2798015 114.1747377,22.2798033 114.1750127,22.2798223"
"241998997","office","瑞安中心 Shui On Centre","36","118","2495743962 2495743963 2495743961 2495743960 2495743962","114.1713033,22.2803121 114.171653,22.2803367 114.1716781,22.2800419 114.1713299,22.2800175 114.1713033,22.2803121"
"252500307","yes",,"1","8.8","2585383915 9099963889 9099963884 9099963882 9099963888 9099963891 9099963886 2585383907 9099963894 2585383905 2585383885 2585383913 9099963893 9099963890 1952071922 9099963885 2585383876 2585383882 9099963887 9099963892 2585383849 2585383878 2585383915","114.1757327,22.2805951 114.1757429,22.2805803 114.1757554,22.2805672 114.1757698,22.2805558 114.1757859,22.2805466 114.1758033,22.2805398 114.1758153,22.2805396 114.1758264,22.2805437 114.1758348,22.2805516 114.1758415,22.2805607 114.1758438,22.2805715 114.1758416,22.2805823 114.1758315,22.2805971 114.1758191,22.2806103 114.1758046,22.2806215 114.1757883,22.2806305 114.1757708,22.280637 114.1757589,22.2806372 114.1757477,22.2806334 114.1757388,22.2806261 114.1757324,22.2806168 114.1757303,22.2806059 114.1757327,22.2805951"
"271670214","yes",,,,"4853795178 4853795180 3226540309 1726097062 4853795178","114.17955,22.2824769 114.1796842,22.2821334 114.1798573,22.2821947 114.179726,22.2825355 114.17955,22.2824769"
"295102646","yes",,"15",,"2987722093 2987722114 2987722137 2987722133 2987722153 2987722127 2987722103 2987722094 2987722066 2987722081 2987722093","114.1800833,22.2803326 114.1802022,22.2803775 114.1801729,22.2804438 114.1801366,22.28043 114.1801049,22.2805019 114.1798841,22.2804184 114.179915,22.2803486 114.1798795,22.2803352 114.1799096,22.2802669 114.1800251,22.2803105 114.1800833,22.2803326"
"295102671","yes",,"29",,"2987722087 2987722106 2987722065 2987722064 2987722047 2987722043 2987722054 2987722049 2987722036 2987721932 2987722053 2987722052 2987722087","114.1796414,22.2803267 114.1797338,22.2803606 114.179774,22.2802667 114.1797682,22.2802645 114.1797887,22.2802166 114.1797666,22.2802085 114.1797544,22.280237 114.1797203,22.2802245 114.1797331,22.2801946 114.1797102,22.2801862 114.1796886,22.2802366 114.1796812,22.2802339 114.1796414,22.2803267"
"295102705","yes",,"23",,"2987721905 2987721911 2987721915 2987721924 2987721921 2987721927 2987721912 2987721908 2987721887 2987721879 2987721891 2987721888 2987721875 2987721864 2987721892 2987721886 2987721905","114.1796565,22.2801054 114.1797038,22.280123 114.1797003,22.2801311 114.1797622,22.2801541 114.1797652,22.2801472 114.1798157,22.280166 114.1798338,22.2801243 114.1798063,22.280114 114.1798274,22.2800654 114.1797852,22.2800497 114.1797746,22.2800739 114.1797584,22.2800678 114.179769,22.2800435 114.1797257,22.2800274 114.1797049,22.2800753 114.1796745,22.2800639 114.1796565,22.2801054"
"295102707","yes",,"38",,"2987721919 2987721931 2987722039 2987722045 2987722056 2987722082 2987722067 2987722070 2987722057 2987722055 2987722035 2987721913 2987721922 2987721920 2987721925 2987721907 2987721919","114.17958,22.2801328 114.1795583,22.2801828 114.179609,22.2802015 114.1796042,22.2802128 114.1796745,22.2802389 114.1796422,22.2803135 114.1795189,22.2802678 114.1795148,22.2802772 114.1794339,22.2802472 114.179438,22.2802379 114.1793211,22.2801945 114.1793536,22.2801195 114.1794208,22.2801444 114.1794254,22.2801338 114.1794751,22.2801522 114.1794969,22.280102 114.17958,22.2801328"
"295102710","yes",,"23",,"2987722080 2987722074 2987722102 2987722110 2987722116 2987722112 2987722128 2987722146 2987722135 2987722132 2987722125 2987722131 2987722109 2987722096 2987722099 2987722084 2987722080","114.1800158,22.2803093 114.1799464,22.2802829 114.1799172,22.2803484 114.1799633,22.2803657 114.1799551,22.2803842 114.1799361,22.2803769 114.1799175,22.2804186 114.1800772,22.2804795 114.1800962,22.280437 114.1800773,22.2804299 114.1800856,22.2804115 114.1801337,22.2804295 114.1801624,22.2803651 114.1800876,22.2803366 114.1800841,22.2803444 114.1800124,22.280317 114.1800158,22.2803093"
"295102737","yes",,"4",,"2987722100 2987722037 2987721895 2987722050 2987722100","114.1802463,22.2803529 114.1798482,22.2802016 114.179902,22.2800803 114.1803001,22.2802316 114.1802463,22.2803529"
"295102745","yes",,"17",,"2987722038 2987722071 2987722034 2987721909 2987722038","114.1799575,22.2802061 114.1801652,22.2802837 114.180203,22.2801969 114.1799953,22.2801193 114.1799575,22.2802061"
"295102777","yes",,"35",,"2987721909 2987722034 2987722071 2987722075 2987722044 2987722038 2987721909","114.1799953,22.2801193 114.180203,22.2801969 114.1801652,22.2802837 114.1801597,22.2802962 114.179952,22.2802187 114.1799575,22.2802061 114.1799953,22.2801193"
"295102805","yes",,"13",,"2987722048 2987722061 2987722098 2987722101 2987722126 2987722111 2987722048","114.1797974,22.2802166 114.1798957,22.2802533 114.179857,22.2803419 114.1798715,22.2803474 114.1798425,22.280414 114.1797297,22.2803719 114.1797974,22.2802166"
"295102828","yes",,"4",,"2987722093 2987722114 2987722159 2987722123 2987722066 2987722081 2987722076 2987722083 2987722093","114.1800833,22.2803326 114.1802022,22.2803775 114.180141,22.280516 114.1798485,22.2804054 114.1799096,22.2802669 114.1800251,22.2803105 114.1800323,22.280294 114.1800906,22.2803161 114.1800833,22.2803326"
"295779348","yes",,"4",,"2995395847 2995395839 2995395817 2995395818 2995395806 2995395759 2995395787 2995395819 2995395831 2995395832 2995395849 2995395851 2995395847","114.1786314,22.2799924 114.1786574,22.2799241 114.1786957,22.2798232 114.1787211,22.2798314 114.1787426,22.2797745 114.1787814,22.2796737 114.1789569,22.2797307 114.1789181,22.2798315 114.1788968,22.2798892 114.178918,22.279896 114.1788789,22.2799974 114.1788535,22.2800645 114.1786314,22.2799924"
"295779407","yes",,"4",,"2995395793 2995395815 2995395855 2995395857 2995395859 2995395862 2995395863 2995395853 2995395793","114.1789836,22.2797389 114.1792195,22.279814 114.1790962,22.280082 114.1790812,22.2801008 114.1790644,22.2801123 114.1790478,22.2801197 114.17903,22.28012 114.1788556,22.2800651 114.1789836,22.2797389"
"342109864","industrial",,"2",,"3491397435 3491397463 3491397454 3491397453 3491397450 3491397464 3491397429 3491397419 3491397395 3491397415 3491397416 3491397455 3491397403 3491397469 3491397435","114.1785253,22.2823265 114.1784887,22.2824185 114.1786084,22.2824592 114.1786461,22.2823644 114.1787421,22.282397 114.1787555,22.2823633 114.1787292,22.2823543 114.1787432,22.2823192 114.1786802,22.2822977 114.1787251,22.282185 114.1786041,22.2821438 114.1785844,22.2821935 114.1784995,22.2821646 114.1784458,22.2822995 114.1785253,22.2823265"
"342109865","industrial","馬師道電站 Marsh Road Station Building","8",,"3491393277 3491393278 3491393286 3491397462 3491397401 3491397428 3491397414 3491397423 3491397402 3491397439 3491397400 3491397430 3491393277","114.178737,22.2816458 114.178746,22.281623 114.1790472,22.2817251 114.1791677,22.2814205 114.1790935,22.2813954 114.1791039,22.2813692 114.1789265,22.2813091 114.1789149,22.2813383 114.1788272,22.2813086 114.1787401,22.2815285 114.1787107,22.2815186 114.1786701,22.2816235 114.178737,22.2816458"
"342109869","office","賽馬會彭美麗動物福利中心 The Jockey Club Pamela D Barton Animal Welfare Centre","6",,"3491397397 3491397473 3491393282 3491393284 3491397471 3491397433 3491397459 3491393276 3491397452 3491393292 13727770123 13727770122 3491397397","114.1787803,22.282154 114.1788605,22.2821797 114.1789247,22.2820106 114.1788028,22.2819729 114.1787716,22.2820536 114.1786585,22.282017 114.1786893,22.2819364 114.1785738,22.2818991 114.1785116,22.2820645 114.1787381,22.2821404 114.1787503,22.2821081 114.1787925,22.2821218 114.1787803,22.282154"
"342109876","service","灣仔二號海水抽水站 Wan Chai No. 2 Salt Water Pumping Station",,,"8013177516 3491397408 3491397418 9365005245 9365005246 3491397425 3491397440 3491397396 10270742927 10270742922 3491393279 8013177512 8013177516","114.1790752,22.2819651 114.1791622,22.2817386 114.1791685,22.2817263 114.1791767,22.2817158 114.1791879,22.2817063 114.1792027,22.2816995 114.17922,22.281696 114.1792373,22.2816969 114.1792541,22.2817031 114.1792692,22.2817132 114.1793819,22.2818143 114.1793024,22.2820415 114.1790752,22.2819651"
"342110359","yes",,,,"3491375455 3491375448 3491375454 3491375447 3491375445 3491375451 3491375446 3491375450 3491375452 3491375449 3491375453 3491375444 3491375455","114.1794746,22.2824445 114.1793568,22.2824031 114.179385,22.2823344 114.1792549,22.2822886 114.1792923,22.2821974 114.1792647,22.2821877 114.1794141,22.2818237 114.1794616,22.2818404 114.1794416,22.2818891 114.1795823,22.2819386 114.1795631,22.2819854 114.1796505,22.2820161 114.1794746,22.2824445"
"349883503","toilets","灣仔北臨時公共運輸交匯處公廁 Wan Chai North Temporary Public Transport Interchange Public Toilet",,,"3556686769 3556686784 3556686775 3556686770 3556686769","114.1781688,22.2828966 114.1782121,22.2827844 114.1782537,22.2827982 114.1782104,22.2829104 114.1781688,22.2828966"
"492602480","roof",,"2",,"296891352 9365010732 4845933691 4845933692 9365010731 4845933693 296891352","114.1787358,22.2818247 114.1787592,22.2817592 114.1787784,22.2817055 114.1789615,22.2817615 114.1789418,22.2818164 114.1789188,22.2818807 114.1787358,22.2818247"
"502840262","yes","港灣道體育館 Harbour Road Sports Centre",,"31.5","297188708 4945066546 14148863016 4932041075 4945066545 4945066547 4932041076 4945066548 297188708","114.1765235,22.2813133 114.1765491,22.281008 114.1770133,22.2810413 114.177042,22.2810434 114.177054,22.281054 114.177058,22.28107 114.17692,22.2814069 114.176518,22.281378 114.1765235,22.2813133"
"510722228","civic","入境事務大樓 Immigration Tower","50","180","4996687657 5382735659 4996687658 5029096887 5382735664 5029096889 4996687659 4996687660 5029096890 5029096888 4996687657","114.1727298,22.2799502 114.1727438,22.2797796 114.1727578,22.279609 114.1727794,22.2795904 114.1730054,22.2796062 114.1732314,22.279622 114.1732498,22.2796434 114.1732218,22.2799846 114.1732002,22.2800032 114.1727482,22.2799716 114.1727298,22.2799502"
"558839384","roof",,,"8.8","6979825208 6979816455 6979816467 6979816468 12270745080 6979816466 12270745079 6979825209 6979816471 6979816447 6979816465 6979816469 12270745078 6979816464 12270745077 6979816470 6979825208","114.1758663,22.2804501 114.1758639,22.2804294 114.1758556,22.2804101 114.1758421,22.2803935 114.1758242,22.2803809 114.1758034,22.2803731 114.1757811,22.2803708 114.1757589,22.2803741 114.1757493,22.2803377 114.175782,22.280333 114.1758149,22.2803365 114.1758457,22.280348 114.175872,22.2803666 114.175892,22.2803911 114.1759041,22.2804197 114.1759076,22.2804502 114.1758663,22.2804501"
"567856155","service","中環及灣仔繞道隧道中部通風大樓 Middle Ventilation Building of the Central-Wan Chai Bypass Tunnel",,,"5464743231 5464743232 5464743233 6976488660 5464743234 6976488657 6976488659 6976488658 5464743231","114.1706325,22.2819964 114.1712223,22.2819579 114.1712141,22.2818143 114.1708433,22.2817822 114.1706197,22.281803 114.1706121,22.2818135 114.1706092,22.2818962 114.1706242,22.2819863 114.1706325,22.2819964"
"706734004","toilets","博覽道東公廁 Expo Drive East Public Toilet",,,"1952740903 6641207741 1952740913 8478033984 1952740916 1952740903","114.1742774,22.2842248 114.1743444,22.2842069 114.1743908,22.2843506 114.1743587,22.2843731 114.1743349,22.2843943 114.1742774,22.2842248"
"706734006","yes",,,,"1952740913 6641207742 6641207743 6641207744 8478033983 1952740916 8478033984 1952740913","114.1743908,22.2843506 114.174391,22.2843762 114.1743518,22.2845289 114.1742947,22.2845172 114.174322,22.2844228 114.1743349,22.2843943 114.1743587,22.2843731 114.1743908,22.2843506"
"754002042","parking","香港會議展覽中心（港灣道）停車場 Hong Kong Convention and Exhibition Centre (Harbour Road) Car Park","1",,"7044272457 7044325091 7044325097 7044272458 7044272459 7044325096 7044272460 7044272483 7044272475 7044272461 7044272462 7044272463 7044272464 5382735635 7044272473 7044325092 7044272465 7044272466 7044325093 7044272467 7044325094 7044272468 7044272469 7044325095 7044272457","114.1708511,22.2808415 114.1708665,22.2808157 114.1709173,22.2807305 114.1709257,22.280727 114.1710719,22.2806664 114.1711077,22.2806516 114.1713102,22.2805988 114.1713593,22.2805973 114.1716497,22.2806066 114.1718791,22.2806147 114.171922,22.2806162 114.1718842,22.2810231 114.1718383,22.2814391 114.1717968,22.2814378 114.1716179,22.2814392 114.1715938,22.2814382 114.1715772,22.2814375 114.1711792,22.2813129 114.171163,22.2813074 114.1710603,22.281253 114.1709024,22.2811241 114.1708872,22.2811117 114.1708397,22.2809787 114.1708418,22.2809532 114.1708511,22.2808415"
"893892250","roof",,"1",,"8308187088 8308187089 8308187092 8308187094 8308187088","114.1760287,22.2821117 114.1760276,22.2821243 114.1759209,22.2821163 114.175922,22.2821037 114.1760287,22.2821117"
"1007714879","yes","南通風樓 South Ventilation Building",,,"9296818035 9296818061 9296818033 9296818040 9296818036 9296818072 9296818042 9296818059 9296818052 9296818034 9296818071 9296818066 9296818049 9296818027 9296818068 9296818038 9296818041 9296818043 9296818055 9296818045 9296818065 9296818048 9296818051 9296818057 9296818047 9296818039 9296818070 9296818069 9296818037 9296818046 9296818054 9296818044 9296818030 9296818029 9296818056 9296818062 9296818031 9296818032 9296818028 9296818026 9296818067 9296818058 9296818060 9296818063 9296818053 9296818064 3034201233 9296818050 9296818035","114.1700651,22.2814273 114.1700589,22.281419 114.1700257,22.2813557 114.1700237,22.2813497 114.170023,22.2813433 114.1700238,22.2813369 114.1700261,22.2813309 114.1700291,22.2813262 114.1700328,22.2813214 114.1700382,22.2813174 114.1700445,22.2813149 114.1700515,22.2813134 114.1700583,22.2813129 114.1700655,22.2813138 114.1700722,22.2813155 114.1700754,22.2813076 114.170079,22.2813019 114.1700835,22.2812969 114.170088,22.2812929 114.1700936,22.28129 114.1700995,22.2812883 114.170106,22.281288 114.1701135,22.2812892 114.1701201,22.2812914 114.1701258,22.2812944 114.1701313,22.2812988 114.1701358,22.2813049 114.1701713,22.2813713 114.1701733,22.2813782 114.1701739,22.2813856 114.1701725,22.2813931 114.1701696,22.2813996 114.170165,22.2814057 114.1701589,22.2814112 114.1701514,22.2814153 114.1701436,22.281417 114.1701365,22.2814169 114.1701306,22.2814151 114.170123,22.2814115 114.1701212,22.2814178 114.1701185,22.2814235 114.1701143,22.2814296 114.1701092,22.2814344 114.1701012,22.2814382 114.1700934,22.2814398 114.1700862,22.2814394 114.1700789,22.2814369 114.1700712,22.281433 114.1700651,22.2814273"
"1015196954","yes",,,,"7298687997 9365005237 8013177512 8013177516 7298687996 9365005268 9365005269 9365005238 9365005239 10270742924 10270742916 10270742920 10270742915 10270742914 9365005275 9365005240 9365005241 9365005242 9365005243 9365005244 7298687997","114.1789823,22.2822062 114.1792087,22.2822785 114.1793024,22.2820415 114.1790752,22.2819651 114.1790546,22.282023 114.1791325,22.2820492 114.1791491,22.2820572 114.1791625,22.2820668 114.1791728,22.2820784 114.1791809,22.282097 114.1791836,22.2821143 114.1791819,22.2821319 114.1791736,22.282151 114.1791603,22.2821657 114.1791469,22.2821751 114.1791331,22.2821808 114.1791181,22.282184 114.1791029,22.2821845 114.1790877,22.282182 114.1790041,22.2821534 114.1789823,22.2822062"
"1015196962","retail","Shell Select",,,"9365010723 9365010724 9365010725 9365010726 9365010727 9365010723","114.1786986,22.2816862 114.1786515,22.2816706 114.1786157,22.2817538 114.178624,22.2817853 114.1786537,22.2817956 114.1786986,22.2816862"
"1015196964","toilets",,"1",,"9365010736 6914769327 9365010737 9365010738 3491393277 3491397430 9365010736","114.1786579,22.2816571 114.1786744,22.2816622 114.1787348,22.2816809 114.1787464,22.2816488 114.178737,22.2816458 114.1786701,22.2816235 114.1786579,22.2816571"
"1051197139","train_station",,"1",,"9659967507 9659967511 9659967508 9659973855 9659967509 9659967510 9659973859 9659967507","114.1746999,22.2816236 114.1746962,22.2815713 114.1746919,22.281512 114.1748895,22.2814999 114.1750814,22.2814882 114.1750894,22.2815999 114.1748957,22.2816117 114.1746999,22.2816236"
"1051197164","service","港鐵會議展覽中心站西變電站 MTR Exhibition Ctr Stn West Substation","1",,"9659973830 9659973831 9659973832 9659973833 9659973830","114.1748695,22.281767 114.1748628,22.2816634 114.1745414,22.2816811 114.174548,22.2817847 114.1748695,22.281767"
"1051197165","service",,"1",,"9659973834 9659973835 9659973836 9659973837 9659973834","114.1763144,22.2818632 114.1762943,22.281615 114.1768642,22.281584 114.1767556,22.2819203 114.1763144,22.2818632"
"1051197166","train_station",,"1",,"9659973835 9660912774 9711005587 9659973842 9711005586 9711005592 9659973840 9659973836 9659973835","114.1762943,22.281615 114.1761723,22.281621 114.1760775,22.2816257 114.1760746,22.2815526 114.1760685,22.2813632 114.1761385,22.2813684 114.1769232,22.2814264 114.1768642,22.281584 114.1762943,22.281615"
"1056840860","toilets","會展站公共運輸交匯處公廁 Exhibition Centre Station Public Transport Interchange Public Toilet","1",,"9711005588 9711005589 9711005590 9711005591 9711005588","114.1762345,22.2818199 114.1761444,22.2818243 114.1761356,22.2816698 114.1762257,22.2816654 114.1762345,22.2818199"
"1056840862","service",,"1",,"9711005599 9711005600 9711005601 9711005602 9711005599","114.1749395,22.2817639 114.1749329,22.2816602 114.1750626,22.2816532 114.1750691,22.2817569 114.1749395,22.2817639"
"1057079233","construction",,"1",,"9713136439 9713136440 9713136441 9713136442 9713136439","114.1750556,22.2816517 114.1750529,22.2816178 114.1750933,22.281615 114.175096,22.281649 114.1750556,22.2816517"
"1057079234","kiosk","九巴會展站站長室","1",,"9713136443 9713136444 9713136445 9713136446 9713136443","114.1758464,22.2818653 114.1758451,22.2818269 114.1758831,22.2818257 114.1758844,22.2818641 114.1758464,22.2818653"
"1058773224","kiosk","城巴會展站站長室","1",,"9728765724 9728765725 9728765726 9728765727 9728765724","114.1759,22.2818621 114.1758966,22.2817895 114.1759378,22.2817879 114.1759411,22.2818605 114.1759,22.2818621"
"1060476114","yes",,,,"9743189468 9743189469 9743189470 9743189471 9743189468","114.1770327,22.2818095 114.1770586,22.281741 114.1771183,22.2817603 114.1770924,22.2818288 114.1770327,22.2818095"
"1063716475","service",,"1",,"9770418013 9770418014 9770418015 9770418016 9770479317 9770479318 9770418013","114.1736673,22.2819375 114.1736623,22.2818174 114.1740784,22.2818027 114.174085,22.2819634 114.1737396,22.2819756 114.173738,22.281935 114.1736673,22.2819375"
"1064828772","yes",,"6",,"5382735639 5382735642 6986305294 6986305306 9779139606 9779150928 9779139609 6986305307 5382735641 4479764678 4479764677 4479764676 4479764675 1121975111 6986305297 6986305296 6986305295 5382735640 9779150931 5382735639","114.1731999,22.2804846 114.1732517,22.2804888 114.1733358,22.2803632 114.1734563,22.2803711 114.1734771,22.2803445 114.1734913,22.2803265 114.1735032,22.2803113 114.1735193,22.2802907 114.1735205,22.2802537 114.1736957,22.2802659 114.1739967,22.2798719 114.1739123,22.2797437 114.1734087,22.2797249 114.1733425,22.2798555 114.1733595,22.2798886 114.1733255,22.2799034 114.1733025,22.2798675 114.173253,22.2798659 114.1732356,22.2800689 114.1731999,22.2804846"
"1093897815","roof",,,,"10018628998 10018628999 10018629000 10018629001 10018628998","114.1750602,22.2828236 114.1751097,22.2828289 114.1751152,22.2827853 114.1750657,22.28278 114.1750602,22.2828236"
"1093897816","roof",,,,"10018629002 10018629003 10018629004 10018629005 10018629002","114.1752701,22.2828387 114.1752747,22.2828059 114.1751553,22.2827917 114.1751508,22.2828246 114.1752701,22.2828387"
"1093897817","roof",,,,"10018629006 10018629007 10018629008 10018629009 10018629006","114.1753013,22.2828477 114.1753556,22.282854 114.1753594,22.2828266 114.1753051,22.2828202 114.1753013,22.2828477"
"1093897818","roof",,,,"10018629010 10018629011 10018629012 10018629013 10018629010","114.1750546,22.2827515 114.1751502,22.2827631 114.1751545,22.2827326 114.175059,22.2827209 114.1750546,22.2827515"
"1093897819","roof",,,,"10018629014 10018629015 10018629016 10018688717 10018629014","114.1753824,22.2828032 114.1754397,22.2828088 114.1754428,22.2827813 114.1753856,22.2827756 114.1753824,22.2828032"
"1093897820","roof",,,,"10018688718 10018688719 10018688720 10018756125 10018756132 10018688721 10026668398 10018756124 10026668399 10018688718","114.1759018,22.2829027 114.1759066,22.282865 114.1758129,22.2828538 114.1758105,22.2828687 114.1758088,22.282878 114.1758066,22.2828895 114.1758486,22.2828953 114.1758622,22.2828972 114.1758813,22.2828998 114.1759018,22.2829027"
"1093897826","yes",,,,"10018688771 10018688772 10018688773 10018688774 10018688771","114.1800103,22.2828404 114.1800318,22.2827845 114.1800004,22.2827741 114.1799789,22.28283 114.1800103,22.2828404"
"1150379742","roof",,,,"10701344327 10701344328 10701344329 10701344330 10701344331 10701344332 10701344333 10701344334 10701344335 10701344336 10701344337 10701344338 10701344339 10701344340 10701344341 10701344342 10701344327","114.1742359,22.2836528 114.1742348,22.2837121 114.1742399,22.2837652 114.1742495,22.2838012 114.1742558,22.2838183 114.1742622,22.2838278 114.1742979,22.283862 114.1743975,22.2841784 114.1744434,22.2841666 114.1743458,22.2838378 114.1743401,22.2838177 114.1743356,22.2837953 114.1743343,22.2837699 114.174363,22.2834358 114.17428459999999,22.2834317 114.1742641,22.2836536 114.1742359,22.2836528"
"1192429320","yes",,,,"4358975983 4358975982 4358975981 5433421869 4358975983","114.1770728,22.2819526 114.1771446,22.281772 114.1772462,22.2818066 114.1771744,22.2819872 114.1770728,22.2819526"
"1194006700","service",,"1",,"11083586888 9743189464 11083586886 11083586885 11083586887 11083586888","114.1779155,22.282643 114.1779271,22.2826077 114.1779328,22.2825903 114.1780347,22.2826188 114.1780175,22.2826715 114.1779155,22.282643"
"1324359904","hotel",,"23",,"12255023684 12255023685 12255023668 12255023683 12255023669 12255023682 12255023670 12255023681 12255023671 12255023680 12255023672 12255023679 12255023673 12255023678 12255023674 12255023677 12255023675 12255023676 12255023667 12255023686 12255023691 12255023666 12255023649 12255023650 12255023651 12255023652 12255023653 12255023654 12255023655 12255023656 12255023657 12255023658 12255023659 12255023660 12255023661 12255023662 12255023663 12255023664 12255023665 12255023648 12255023684","114.1709448,22.2800761 114.170954,22.2801625 114.1709971,22.2801778 114.1709991,22.2801968 114.1710197,22.2801949 114.1710217,22.2802139 114.1710422,22.280212 114.1710442,22.280231 114.1710648,22.2802291 114.1710668,22.2802481 114.1710873,22.2802463 114.1710894,22.2802653 114.1711099,22.2802634 114.1711119,22.2802824 114.1711325,22.2802805 114.1711345,22.2802995 114.171155,22.2802976 114.171157,22.2803166 114.1711776,22.2803148 114.1711796,22.2803338 114.171273,22.2803252 114.1712637,22.2802388 114.1712432,22.2802407 114.1712412,22.2802217 114.1712206,22.2802236 114.1712186,22.2802046 114.1711981,22.2802065 114.1711961,22.2801875 114.1711755,22.2801894 114.1711735,22.2801704 114.171153,22.2801722 114.1711509,22.2801532 114.1711304,22.2801551 114.1711284,22.2801361 114.1711079,22.280138 114.1711058,22.280119 114.1710853,22.2801209 114.1710833,22.2801019 114.1710627,22.2801037 114.1710587,22.2800657 114.1709448,22.2800761"
"1326229645","retail","Brim28","5",,"12270745088 12270745087 12270745086 12270745085 12270745088","114.1760247,22.2806453 114.1763875,22.2806709 114.1764448,22.2799752 114.176082,22.2799496 114.1760247,22.2806453"
"1418892985","yes","分域碼頭緊急出口 Fenwick Pier Emergency Egress Point",,,"13039072164 13039072165 13039072166 13039072167 13039072164","114.1704931,22.281522 114.1705028,22.2814166 114.170547,22.28142 114.1705373,22.2815255 114.1704931,22.281522"
"1487558711","yes",,,,"13637633367 13637633368 13637633369 13637633370 13637633367","114.1793451,22.282458 114.1793566,22.2824248 114.1794117,22.282441 114.1794002,22.2824743 114.1793451,22.282458"
"1487558712","yes",,,,"13637633371 13637633372 13637633373 13637633374 13637633375 13637633376 13637633371","114.1792278,22.2824094 114.1792167,22.2824362 114.1793166,22.2824717 114.1793509,22.282389 114.1792078,22.2823381 114.1791846,22.282394 114.1792278,22.2824094"
